granuleID,SensingTime,VEG-IND,VEG-ANOM,VBaseline,VBaselineCount,NDVI,NDVIbaseline
OPERA_L3_DIST-ALERT-HLS_T19HFC_20230102T141711Z_20231221T041639Z_S2A_30_v1_VEG-DIST-STATUS,20230102,255,255,14,0,20,0
OPERA_L3_DIST-ALERT-HLS_T19HFC_20230104T142143Z_20231221T041650Z_L8_30_v1_VEG-DIST-STATUS,20230104,21,0,14,0,18,1
OPERA_L3_DIST-ALERT-HLS_T19HFC_20230105T141535Z_20231221T041702Z_L9_30_v1_VEG-DIST-STATUS,20230105,22,0,14,0,18,2
OPERA_L3_DIST-ALERT-HLS_T19HFC_20230105T142711Z_20231221T041714Z_S2A_30_v1_VEG-DIST-STATUS,20230105,255,255,14,0,18,-1
OPERA_L3_DIST-ALERT-HLS_T19HFC_20230107T141709Z_20231221T041726Z_S2B_30_v1_VEG-DIST-STATUS,20230107,255,255,14,0,19,-1
OPERA_L3_DIST-ALERT-HLS_T19HFC_20230110T142709Z_20231221T041737Z_S2B_30_v1_VEG-DIST-STATUS,20230110,255,255,17,0,16,-1
OPERA_L3_DIST-ALERT-HLS_T19HFC_20230112T141711Z_20231221T041749Z_S2A_30_v1_VEG-DIST-STATUS,20230112,255,255,17,0,18,-1
OPERA_L3_DIST-ALERT-HLS_T19HFC_20230112T142143Z_20231221T041800Z_L9_30_v1_VEG-DIST-STATUS,20230112,12,5,17,0,18,4
OPERA_L3_DIST-ALERT-HLS_T19HFC_20230115T142711Z_20231221T041812Z_S2A_30_v1_VEG-DIST-STATUS,20230115,255,255,18,0,18,-1
OPERA_L3_DIST-ALERT-HLS_T19HFC_20230120T142137Z_20231221T041824Z_L8_30_v1_VEG-DIST-STATUS,20230120,255,255,18,0,18,-1
OPERA_L3_DIST-ALERT-HLS_T19HFC_20230120T142709Z_20231221T041836Z_S2B_30_v1_VEG-DIST-STATUS,20230120,255,255,18,0,18,-1
OPERA_L3_DIST-ALERT-HLS_T19HFC_20230121T141526Z_20231221T041848Z_L9_30_v1_VEG-DIST-STATUS,20230121,17,1,18,0,17,2
OPERA_L3_DIST-ALERT-HLS_T19HFC_20230122T141711Z_20231221T041900Z_S2A_30_v1_VEG-DIST-STATUS,20230122,255,255,18,0,19,-1
OPERA_L3_DIST-ALERT-HLS_T19HFC_20230125T142711Z_20231221T041911Z_S2A_30_v1_VEG-DIST-STATUS,20230125,255,255,21,0,15,-1
OPERA_L3_DIST-ALERT-HLS_T19HFC_20230127T141709Z_20231221T041922Z_S2B_30_v1_VEG-DIST-STATUS,20230127,31,0,21,0,17,2
OPERA_L3_DIST-ALERT-HLS_T19HFC_20230128T142144Z_20231221T041934Z_L9_30_v1_VEG-DIST-STATUS,20230128,22,0,23,0,16,3
OPERA_L3_DIST-ALERT-HLS_T19HFC_20230130T142709Z_20231221T041946Z_S2B_30_v1_VEG-DIST-STATUS,20230130,255,255,23,0,16,-1
OPERA_L3_DIST-ALERT-HLS_T19HFC_20230204T142711Z_20231221T041957Z_S2A_30_v1_VEG-DIST-STATUS,20230204,255,255,23,0,17,-1
OPERA_L3_DIST-ALERT-HLS_T19HFC_20230205T142141Z_20231221T042008Z_L8_30_v1_VEG-DIST-STATUS,20230205,23,0,23,0,17,3
OPERA_L3_DIST-ALERT-HLS_T19HFC_20230206T141538Z_20231221T042019Z_L9_30_v1_VEG-DIST-STATUS,20230206,25,0,23,0,17,2
OPERA_L3_DIST-ALERT-HLS_T19HFC_20230206T141709Z_20231221T042030Z_S2B_30_v1_VEG-DIST-STATUS,20230206,255,255,23,0,17,1
OPERA_L3_DIST-ALERT-HLS_T19HFC_20230209T142709Z_20231221T042041Z_S2B_30_v1_VEG-DIST-STATUS,20230209,255,255,23,0,16,-1
OPERA_L3_DIST-ALERT-HLS_T19HFC_20230211T141711Z_20231221T042052Z_S2A_30_v1_VEG-DIST-STATUS,20230211,23,0,23,0,18,3
OPERA_L3_DIST-ALERT-HLS_T19HFC_20230213T142147Z_20231221T042104Z_L9_30_v1_VEG-DIST-STATUS,20230213,22,13,35,0,16,5
OPERA_L3_DIST-ALERT-HLS_T19HFC_20230214T142711Z_20231221T042116Z_S2A_30_v1_VEG-DIST-STATUS,20230214,255,255,35,0,17,-1
OPERA_L3_DIST-ALERT-HLS_T19HFC_20230216T141709Z_20231221T042127Z_S2B_30_v1_VEG-DIST-STATUS,20230216,255,255,35,0,18,3
OPERA_L3_DIST-ALERT-HLS_T19HFC_20230219T142709Z_20231221T042133Z_S2B_30_v1_VEG-DIST-STATUS,20230219,,,35,0,17,-1
OPERA_L3_DIST-ALERT-HLS_T19HFC_20230221T141711Z_20231221T042152Z_S2A_30_v1_VEG-DIST-STATUS,20230221,255,255,35,0,20,2
OPERA_L3_DIST-ALERT-HLS_T19HFC_20230221T142127Z_20231221T042204Z_L8_30_v1_VEG-DIST-STATUS,20230221,22,13,35,0,20,4
OPERA_L3_DIST-ALERT-HLS_T19HFC_20230222T141525Z_20231221T042216Z_L9_30_v1_VEG-DIST-STATUS,20230222,21,15,36,0,18,4
OPERA_L3_DIST-ALERT-HLS_T19HFC_20230224T142711Z_20231221T042227Z_S2A_30_v1_VEG-DIST-STATUS,20230224,255,255,35,0,19,-1
OPERA_L3_DIST-ALERT-HLS_T19HFC_20230226T141709Z_20231221T042239Z_S2B_30_v1_VEG-DIST-STATUS,20230226,25,10,35,0,20,3
OPERA_L3_DIST-ALERT-HLS_T19HFC_20230301T142134Z_20231221T042250Z_L9_30_v1_VEG-DIST-STATUS,20230301,255,255,32,0,21,4
OPERA_L3_DIST-ALERT-HLS_T19HFC_20230301T142709Z_20231221T042301Z_S2B_30_v1_VEG-DIST-STATUS,20230301,255,255,32,0,21,-1
OPERA_L3_DIST-ALERT-HLS_T19HFC_20230302T141511Z_20231221T042313Z_L8_30_v1_VEG-DIST-STATUS,20230302,23,9,32,0,21,4
OPERA_L3_DIST-ALERT-HLS_T19HFC_20230303T141711Z_20231221T042323Z_S2A_30_v1_VEG-DIST-STATUS,20230303,25,7,32,0,21,3
OPERA_L3_DIST-ALERT-HLS_T19HFC_20230308T141719Z_20231221T042335Z_S2B_30_v1_VEG-DIST-STATUS,20230308,255,255,27,0,23,1
OPERA_L3_DIST-ALERT-HLS_T19HFC_20230309T142117Z_20231221T042347Z_L8_30_v1_VEG-DIST-STATUS,20230309,255,255,27,0,22,-1
OPERA_L3_DIST-ALERT-HLS_T19HFC_20230310T141516Z_20231221T042358Z_L9_30_v1_VEG-DIST-STATUS,20230310,32,0,27,0,22,6
OPERA_L3_DIST-ALERT-HLS_T19HFC_20230311T142719Z_20231221T042410Z_S2B_30_v1_VEG-DIST-STATUS,20230311,255,255,27,0,22,-1
OPERA_L3_DIST-ALERT-HLS_T19HFC_20230313T141711Z_20231221T042421Z_S2A_30_v1_VEG-DIST-STATUS,20230313,255,255,27,0,25,-1
OPERA_L3_DIST-ALERT-HLS_T19HFC_20230316T142711Z_20231221T042433Z_S2A_30_v1_VEG-DIST-STATUS,20230316,255,255,27,0,21,-1
OPERA_L3_DIST-ALERT-HLS_T19HFC_20230317T142127Z_20231221T042444Z_L9_30_v1_VEG-DIST-STATUS,20230317,38,0,27,0,21,3
OPERA_L3_DIST-ALERT-HLS_T19HFC_20230318T141503Z_20231221T042456Z_L8_30_v1_VEG-DIST-STATUS,20230318,255,255,0,-1,24,-1
OPERA_L3_DIST-ALERT-HLS_T19HFC_20230318T141719Z_20231221T042507Z_S2B_30_v1_VEG-DIST-STATUS,20230318,255,255,0,-1,24,-1
OPERA_L3_DIST-ALERT-HLS_T19HFC_20230321T142719Z_20231221T042518Z_S2B_30_v1_VEG-DIST-STATUS,20230321,255,255,0,-1,23,-1
OPERA_L3_DIST-ALERT-HLS_T19HFC_20230323T141711Z_20231221T042530Z_S2A_30_v1_VEG-DIST-STATUS,20230323,255,255,0,-1,23,-1
OPERA_L3_DIST-ALERT-HLS_T19HFC_20230325T142108Z_20231221T042541Z_L8_30_v1_VEG-DIST-STATUS,20230325,51,0,0,-1,21,2
OPERA_L3_DIST-ALERT-HLS_T19HFC_20230326T141509Z_20231221T042552Z_L9_30_v1_VEG-DIST-STATUS,20230326,255,255,0,-1,22,2
OPERA_L3_DIST-ALERT-HLS_T19HFC_20230326T142711Z_20231221T042603Z_S2A_30_v1_VEG-DIST-STATUS,20230326,255,255,0,-1,22,-1
OPERA_L3_DIST-ALERT-HLS_T19HFC_20230328T141719Z_20231221T042615Z_S2B_30_v1_VEG-DIST-STATUS,20230328,255,255,0,-1,24,-1
OPERA_L3_DIST-ALERT-HLS_T19HFC_20230331T142719Z_20231221T042627Z_S2B_30_v1_VEG-DIST-STATUS,20230331,255,255,0,-1,23,-1
OPERA_L3_DIST-ALERT-HLS_T19HFC_20230402T141711Z_20231221T042639Z_S2A_30_v1_VEG-DIST-STATUS,20230402,48,0,0,-1,26,2
OPERA_L3_DIST-ALERT-HLS_T19HFC_20230402T142116Z_20231221T042650Z_L9_30_v1_VEG-DIST-STATUS,20230402,45,0,0,-1,26,2
OPERA_L3_DIST-ALERT-HLS_T19HFC_20230403T141452Z_20231221T042702Z_L8_30_v1_VEG-DIST-STATUS,20230403,255,255,0,-1,26,-1
OPERA_L3_DIST-ALERT-HLS_T19HFC_20230405T142711Z_20231221T042713Z_S2A_30_v1_VEG-DIST-STATUS,20230405,255,255,0,-1,27,-1
OPERA_L3_DIST-ALERT-HLS_T19HFC_20230407T141719Z_20231221T042725Z_S2B_30_v1_VEG-DIST-STATUS,20230407,49,0,0,-1,28,2
OPERA_L3_DIST-ALERT-HLS_T19HFC_20230410T142052Z_20231221T042737Z_L8_30_v1_VEG-DIST-STATUS,20230410,255,255,0,-1,25,-1
OPERA_L3_DIST-ALERT-HLS_T19HFC_20230410T142719Z_20231221T042749Z_S2B_30_v1_VEG-DIST-STATUS,20230410,255,255,0,-1,25,-1
OPERA_L3_DIST-ALERT-HLS_T19HFC_20230411T141501Z_20231221T042801Z_L9_30_v1_VEG-DIST-STATUS,20230411,44,0,0,-1,25,4
OPERA_L3_DIST-ALERT-HLS_T19HFC_20230412T141711Z_20231221T042813Z_S2A_30_v1_VEG-DIST-STATUS,20230412,255,255,0,-1,27,-1
OPERA_L3_DIST-ALERT-HLS_T19HFC_20230417T141719Z_20231221T042825Z_S2B_30_v1_VEG-DIST-STATUS,20230417,51,0,0,-1,27,2
OPERA_L3_DIST-ALERT-HLS_T19HFC_20230418T142110Z_20231221T042837Z_L9_30_v1_VEG-DIST-STATUS,20230418,255,255,28,0,25,-1
OPERA_L3_DIST-ALERT-HLS_T19HFC_20230419T141438Z_20231221T042848Z_L8_30_v1_VEG-DIST-STATUS,20230419,50,0,28,0,25,1
OPERA_L3_DIST-ALERT-HLS_T19HFC_20230420T142719Z_20231221T042859Z_S2B_30_v1_VEG-DIST-STATUS,20230420,255,255,28,0,25,-1
OPERA_L3_DIST-ALERT-HLS_T19HFC_20230422T141711Z_20231221T042911Z_S2A_30_v1_VEG-DIST-STATUS,20230422,49,0,21,0,28,2
OPERA_L3_DIST-ALERT-HLS_T19HFC_20230425T142711Z_20231221T042922Z_S2A_30_v1_VEG-DIST-STATUS,20230425,255,255,21,0,26,-1
OPERA_L3_DIST-ALERT-HLS_T19HFC_20230426T142049Z_20231221T042933Z_L8_30_v1_VEG-DIST-STATUS,20230426,255,255,21,0,25,1
OPERA_L3_DIST-ALERT-HLS_T19HFC_20230427T141454Z_20231221T042944Z_L9_30_v1_VEG-DIST-STATUS,20230427,255,255,21,0,28,-1
OPERA_L3_DIST-ALERT-HLS_T19HFC_20230427T141719Z_20231221T042956Z_S2B_30_v1_VEG-DIST-STATUS,20230427,255,255,21,0,28,-1
OPERA_L3_DIST-ALERT-HLS_T19HFC_20230502T141711Z_20231221T043007Z_S2A_30_v1_VEG-DIST-STATUS,20230502,47,0,21,0,26,2
OPERA_L3_DIST-ALERT-HLS_T19HFC_20230504T142057Z_20231221T043019Z_L9_30_v1_VEG-DIST-STATUS,20230504,44,0,21,0,25,1
OPERA_L3_DIST-ALERT-HLS_T19HFC_20230505T141433Z_20231221T043031Z_L8_30_v1_VEG-DIST-STATUS,20230505,255,255,21,0,25,-1
OPERA_L3_DIST-ALERT-HLS_T19HFC_20230505T142711Z_20231221T043042Z_S2A_30_v1_VEG-DIST-STATUS,20230505,255,255,21,0,25,-1
OPERA_L3_DIST-ALERT-HLS_T19HFC_20230510T142719Z_20231221T043054Z_S2B_30_v1_VEG-DIST-STATUS,20230510,255,255,21,0,24,-1
OPERA_L3_DIST-ALERT-HLS_T19HFC_20230512T141711Z_20231221T043105Z_S2A_30_v1_VEG-DIST-STATUS,20230512,49,0,20,0,26,3
OPERA_L3_DIST-ALERT-HLS_T19HFC_20230512T142036Z_20231221T043117Z_L8_30_v1_VEG-DIST-STATUS,20230512,42,0,20,0,26,2
OPERA_L3_DIST-ALERT-HLS_T19HFC_20230513T141445Z_20231221T043128Z_L9_30_v1_VEG-DIST-STATUS,20230513,41,0,20,0,25,2
OPERA_L3_DIST-ALERT-HLS_T19HFC_20230515T142711Z_20231221T043139Z_S2A_30_v1_VEG-DIST-STATUS,20230515,255,255,20,0,24,-1
OPERA_L3_DIST-ALERT-HLS_T19HFC_20230520T142051Z_20231221T043151Z_L9_30_v1_VEG-DIST-STATUS,20230520,38,0,20,0,19,2
OPERA_L3_DIST-ALERT-HLS_T19HFC_20230520T142719Z_20231221T043203Z_S2B_30_v1_VEG-DIST-STATUS,20230520,255,255,20,0,19,-1
OPERA_L3_DIST-ALERT-HLS_T19HFC_20230521T141425Z_20231221T043215Z_L8_30_v1_VEG-DIST-STATUS,20230521,40,0,20,0,19,2
OPERA_L3_DIST-ALERT-HLS_T19HFC_20230522T141711Z_20231221T043227Z_S2A_30_v1_VEG-DIST-STATUS,20230522,255,255,20,0,20,-1
OPERA_L3_DIST-ALERT-HLS_T19HFC_20230525T142721Z_20231221T043239Z_S2A_30_v1_VEG-DIST-STATUS,20230525,255,255,20,0,17,-1
OPERA_L3_DIST-ALERT-HLS_T19HFC_20230527T141719Z_20231221T043251Z_S2B_30_v1_VEG-DIST-STATUS,20230527,255,255,20,0,22,-1
OPERA_L3_DIST-ALERT-HLS_T19HFC_20230528T142037Z_20231221T043302Z_L8_30_v1_VEG-DIST-STATUS,20230528,37,0,20,0,19,0
OPERA_L3_DIST-ALERT-HLS_T19HFC_20230529T141436Z_20231221T043314Z_L9_30_v1_VEG-DIST-STATUS,20230529,29,0,20,0,20,17
OPERA_L3_DIST-ALERT-HLS_T19HFC_20230604T142721Z_20231221T043326Z_S2A_30_v1_VEG-DIST-STATUS,20230604,255,255,20,0,16,-1
OPERA_L3_DIST-ALERT-HLS_T19HFC_20230605T142045Z_20231221T043338Z_L9_30_v1_VEG-DIST-STATUS,20230605,255,255,20,0,16,-1
OPERA_L3_DIST-ALERT-HLS_T19HFC_20230606T141430Z_20231221T043351Z_L8_30_v1_VEG-DIST-STATUS,20230606,255,255,11,0,18,-1
OPERA_L3_DIST-ALERT-HLS_T19HFC_20230606T141719Z_20231221T043403Z_S2B_30_v1_VEG-DIST-STATUS,20230606,255,255,11,0,18,-1
OPERA_L3_DIST-ALERT-HLS_T19HFC_20230609T142719Z_20231221T043415Z_S2B_30_v1_VEG-DIST-STATUS,20230609,255,255,11,0,16,-1
OPERA_L3_DIST-ALERT-HLS_T19HFC_20230611T141711Z_20231221T043426Z_S2A_30_v1_VEG-DIST-STATUS,20230611,37,0,11,0,18,3
OPERA_L3_DIST-ALERT-HLS_T19HFC_20230613T142045Z_20231221T043439Z_L8_30_v1_VEG-DIST-STATUS,20230613,31,0,11,0,16,2
OPERA_L3_DIST-ALERT-HLS_T19HFC_20230614T141427Z_20231221T043450Z_L9_30_v1_VEG-DIST-STATUS,20230614,255,255,11,0,17,-1
OPERA_L3_DIST-ALERT-HLS_T19HFC_20230614T142721Z_20231221T043501Z_S2A_30_v1_VEG-DIST-STATUS,20230614,255,255,11,0,17,-1
OPERA_L3_DIST-ALERT-HLS_T19HFC_20230616T141719Z_20231221T043513Z_S2B_30_v1_VEG-DIST-STATUS,20230616,31,0,11,0,18,1
OPERA_L3_DIST-ALERT-HLS_T19HFC_20230621T141721Z_20231221T043524Z_S2A_30_v1_VEG-DIST-STATUS,20230621,255,255,11,0,21,-1
OPERA_L3_DIST-ALERT-HLS_T19HFC_20230621T142038Z_20231221T043535Z_L9_30_v1_VEG-DIST-STATUS,20230621,255,255,11,0,21,-1
OPERA_L3_DIST-ALERT-HLS_T19HFC_20230622T141435Z_20231221T043546Z_L8_30_v1_VEG-DIST-STATUS,20230622,255,255,11,0,19,-1
OPERA_L3_DIST-ALERT-HLS_T19HFC_20230624T142721Z_20231221T043557Z_S2A_30_v1_VEG-DIST-STATUS,20230624,255,255,11,0,20,-1
OPERA_L3_DIST-ALERT-HLS_T19HFC_20230626T141719Z_20231221T043608Z_S2B_30_v1_VEG-DIST-STATUS,20230626,255,255,11,0,20,-1
OPERA_L3_DIST-ALERT-HLS_T19HFC_20230629T142719Z_20231221T043620Z_S2B_30_v1_VEG-DIST-STATUS,20230629,255,255,11,0,16,-1
OPERA_L3_DIST-ALERT-HLS_T19HFC_20230630T141435Z_20231221T043632Z_L9_30_v1_VEG-DIST-STATUS,20230630,25,0,11,0,17,1
OPERA_L3_DIST-ALERT-HLS_T19HFC_20230701T141711Z_20231221T043643Z_S2A_30_v1_VEG-DIST-STATUS,20230701,255,255,11,0,19,-1
OPERA_L3_DIST-ALERT-HLS_T19HFC_20230704T142721Z_20231221T043654Z_S2A_30_v1_VEG-DIST-STATUS,20230704,255,255,11,0,19,-1
OPERA_L3_DIST-ALERT-HLS_T19HFC_20230706T141719Z_20231221T043704Z_S2B_30_v1_VEG-DIST-STATUS,20230706,255,255,11,0,21,-1
OPERA_L3_DIST-ALERT-HLS_T19HFC_20230707T142052Z_20231221T043716Z_L9_30_v1_VEG-DIST-STATUS,20230707,255,255,18,0,19,-1
OPERA_L3_DIST-ALERT-HLS_T19HFC_20230708T141449Z_20231221T043728Z_L8_30_v1_VEG-DIST-STATUS,20230708,23,0,18,0,19,1
OPERA_L3_DIST-ALERT-HLS_T19HFC_20230709T142719Z_20231221T043739Z_S2B_30_v1_VEG-DIST-STATUS,20230709,255,255,18,0,18,-1
OPERA_L3_DIST-ALERT-HLS_T19HFC_20230714T142721Z_20231221T043751Z_S2A_30_v1_VEG-DIST-STATUS,20230714,255,255,18,0,19,-1
OPERA_L3_DIST-ALERT-HLS_T19HFC_20230715T142101Z_20231221T043802Z_L8_30_v1_VEG-DIST-STATUS,20230715,255,255,18,0,18,-1
OPERA_L3_DIST-ALERT-HLS_T19HFC_20230716T141444Z_20231221T043814Z_L9_30_v1_VEG-DIST-STATUS,20230716,255,255,11,0,22,-1
OPERA_L3_DIST-ALERT-HLS_T19HFC_20230716T141719Z_20231221T043825Z_S2B_30_v1_VEG-DIST-STATUS,20230716,255,255,11,0,22,0
OPERA_L3_DIST-ALERT-HLS_T19HFC_20230719T142719Z_20231221T043836Z_S2B_30_v1_VEG-DIST-STATUS,20230719,255,255,11,0,21,-1
OPERA_L3_DIST-ALERT-HLS_T19HFC_20230721T141711Z_20231221T043848Z_S2A_30_v1_VEG-DIST-STATUS,20230721,15,0,11,0,21,1
OPERA_L3_DIST-ALERT-HLS_T19HFC_20230723T142053Z_20231221T043859Z_L9_30_v1_VEG-DIST-STATUS,20230723,255,255,11,0,19,-1
OPERA_L3_DIST-ALERT-HLS_T19HFC_20230724T141453Z_20231221T043910Z_L8_30_v1_VEG-DIST-STATUS,20230724,17,0,11,0,19,1
OPERA_L3_DIST-ALERT-HLS_T19HFC_20230724T142721Z_20231221T043921Z_S2A_30_v1_VEG-DIST-STATUS,20230724,255,255,11,0,19,-1
OPERA_L3_DIST-ALERT-HLS_T19HFC_20230726T141719Z_20231221T043932Z_S2B_30_v1_VEG-DIST-STATUS,20230726,13,0,8,0,22,1
OPERA_L3_DIST-ALERT-HLS_T19HFC_20230729T142719Z_20231221T043943Z_S2B_30_v1_VEG-DIST-STATUS,20230729,255,255,8,0,21,-1
OPERA_L3_DIST-ALERT-HLS_T19HFC_20230731T142109Z_20231221T043954Z_L8_30_v1_VEG-DIST-STATUS,20230731,255,255,8,0,23,1
OPERA_L3_DIST-ALERT-HLS_T19HFC_20230801T141450Z_20231221T044005Z_L9_30_v1_VEG-DIST-STATUS,20230801,15,0,8,0,22,0
OPERA_L3_DIST-ALERT-HLS_T19HFC_20230803T142721Z_20231221T044016Z_S2A_30_v1_VEG-DIST-STATUS,20230803,255,255,8,0,21,-1
OPERA_L3_DIST-ALERT-HLS_T19HFC_20230805T141719Z_20231221T044028Z_S2B_30_v1_VEG-DIST-STATUS,20230805,12,0,7,0,22,1
OPERA_L3_DIST-ALERT-HLS_T19HFC_20230808T142104Z_20231221T044039Z_L9_30_v1_VEG-DIST-STATUS,20230808,255,255,7,0,23,-1
OPERA_L3_DIST-ALERT-HLS_T19HFC_20230808T142719Z_20231221T044050Z_S2B_30_v1_VEG-DIST-STATUS,20230808,255,255,7,0,23,-1
OPERA_L3_DIST-ALERT-HLS_T19HFC_20230809T141459Z_20231221T044102Z_L8_30_v1_VEG-DIST-STATUS,20230809,255,255,7,0,23,-1
OPERA_L3_DIST-ALERT-HLS_T19HFC_20230813T142721Z_20231221T044113Z_S2A_30_v1_VEG-DIST-STATUS,20230813,255,255,7,0,22,-1
OPERA_L3_DIST-ALERT-HLS_T19HFC_20230815T141719Z_20231221T044124Z_S2B_30_v1_VEG-DIST-STATUS,20230815,255,255,7,0,25,-1
OPERA_L3_DIST-ALERT-HLS_T19HFC_20230816T142115Z_20231221T044135Z_L8_30_v1_VEG-DIST-STATUS,20230816,14,0,7,0,21,0
OPERA_L3_DIST-ALERT-HLS_T19HFC_20230820T141721Z_20231221T044147Z_S2A_30_v1_VEG-DIST-STATUS,20230820,10,0,7,0,22,1
OPERA_L3_DIST-ALERT-HLS_T19HFC_20230824T142111Z_20231221T044158Z_L9_30_v1_VEG-DIST-STATUS,20230824,19,0,7,0,23,2
OPERA_L3_DIST-ALERT-HLS_T19HFC_20230825T141508Z_20231221T044210Z_L8_30_v1_VEG-DIST-STATUS,20230825,255,255,7,0,26,-1
OPERA_L3_DIST-ALERT-HLS_T19HFC_20230825T141719Z_20231221T044222Z_S2B_30_v1_VEG-DIST-STATUS,20230825,255,255,7,0,26,-1
OPERA_L3_DIST-ALERT-HLS_T19HFC_20230828T142719Z_20231221T044233Z_S2B_30_v1_VEG-DIST-STATUS,20230828,255,255,7,0,23,-1
OPERA_L3_DIST-ALERT-HLS_T19HFC_20230830T141721Z_20231221T044244Z_S2A_30_v1_VEG-DIST-STATUS,20230830,9,0,7,0,24,1
OPERA_L3_DIST-ALERT-HLS_T19HFC_20230901T142118Z_20231221T044256Z_L8_30_v1_VEG-DIST-STATUS,20230901,255,255,7,0,22,-1
OPERA_L3_DIST-ALERT-HLS_T19HFC_20230902T141505Z_20231221T044307Z_L9_30_v1_VEG-DIST-STATUS,20230902,255,255,7,0,23,-1
OPERA_L3_DIST-ALERT-HLS_T19HFC_20230902T142721Z_20231221T044318Z_S2A_30_v1_VEG-DIST-STATUS,20230902,255,255,7,0,23,-1
OPERA_L3_DIST-ALERT-HLS_T19HFC_20230907T142719Z_20231221T044329Z_S2B_30_v1_VEG-DIST-STATUS,20230907,255,255,8,0,23,-1
OPERA_L3_DIST-ALERT-HLS_T19HFC_20230909T141721Z_20231221T044341Z_S2A_30_v1_VEG-DIST-STATUS,20230909,10,0,8,0,24,1
OPERA_L3_DIST-ALERT-HLS_T19HFC_20230909T142121Z_20231221T044352Z_L9_30_v1_VEG-DIST-STATUS,20230909,11,0,8,0,24,1
OPERA_L3_DIST-ALERT-HLS_T19HFC_20230910T141508Z_20231221T044403Z_L8_30_v1_VEG-DIST-STATUS,20230910,255,255,9,0,22,-1
OPERA_L3_DIST-ALERT-HLS_T19HFC_20230912T142721Z_20231221T044414Z_S2A_30_v1_VEG-DIST-STATUS,20230912,255,255,9,0,23,-1
OPERA_L3_DIST-ALERT-HLS_T19HFC_20230914T141739Z_20231221T044425Z_S2B_30_v1_VEG-DIST-STATUS,20230914,255,255,9,0,24,-1
OPERA_L3_DIST-ALERT-HLS_T19HFC_20230917T142123Z_20231221T044437Z_L8_30_v1_VEG-DIST-STATUS,20230917,13,0,9,0,22,0
OPERA_L3_DIST-ALERT-HLS_T19HFC_20230917T142719Z_20231221T044448Z_S2B_30_v1_VEG-DIST-STATUS,20230917,255,255,9,0,22,-1
OPERA_L3_DIST-ALERT-HLS_T19HFC_20230918T141512Z_20231221T044459Z_L9_30_v1_VEG-DIST-STATUS,20230918,255,255,9,0,22,-1
OPERA_L3_DIST-ALERT-HLS_T19HFC_20230919T141711Z_20231221T044510Z_S2A_30_v1_VEG-DIST-STATUS,20230919,11,0,9,0,24,1
OPERA_L3_DIST-ALERT-HLS_T19HFC_20230922T142711Z_20231221T044521Z_S2A_30_v1_VEG-DIST-STATUS,20230922,255,255,9,0,21,-1
OPERA_L3_DIST-ALERT-HLS_T19HFC_20230925T142120Z_20231221T044532Z_L9_30_v1_VEG-DIST-STATUS,20230925,255,255,10,0,22,-1
OPERA_L3_DIST-ALERT-HLS_T19HFC_20230926T141514Z_20231221T044543Z_L8_30_v1_VEG-DIST-STATUS,20230926,12,0,10,0,22,0
OPERA_L3_DIST-ALERT-HLS_T19HFC_20230927T142719Z_20231221T044554Z_S2B_30_v1_VEG-DIST-STATUS,20230927,255,255,10,0,21,-1
OPERA_L3_DIST-ALERT-HLS_T19HFC_20230929T141711Z_20231221T044605Z_S2A_30_v1_VEG-DIST-STATUS,20230929,10,0,10,0,22,2
OPERA_L3_DIST-ALERT-HLS_T19HFC_20231002T142711Z_20231221T044616Z_S2A_30_v1_VEG-DIST-STATUS,20231002,255,255,10,0,18,-1
OPERA_L3_DIST-ALERT-HLS_T19HFC_20231003T142126Z_20231221T044627Z_L8_30_v1_VEG-DIST-STATUS,20231003,255,255,10,0,17,-1
OPERA_L3_DIST-ALERT-HLS_T19HFC_20231004T141514Z_20231221T044639Z_L9_30_v1_VEG-DIST-STATUS,20231004,11,0,10,0,19,1
OPERA_L3_DIST-ALERT-HLS_T19HFC_20231004T141709Z_20231221T044650Z_S2B_30_v1_VEG-DIST-STATUS,20231004,10,0,10,0,19,2
OPERA_L3_DIST-ALERT-HLS_T19HFC_20231007T142709Z_20231221T044702Z_S2B_30_v1_VEG-DIST-STATUS,20231007,255,255,10,0,17,-1
OPERA_L3_DIST-ALERT-HLS_T19HFC_20231009T141711Z_20231221T044713Z_S2A_30_v1_VEG-DIST-STATUS,20231009,11,0,10,0,19,2
OPERA_L3_DIST-ALERT-HLS_T19HFC_20231011T142130Z_20231221T044725Z_L9_30_v1_VEG-DIST-STATUS,20231011,13,0,10,0,18,0
OPERA_L3_DIST-ALERT-HLS_T19HFC_20231012T141518Z_20231221T044736Z_L8_30_v1_VEG-DIST-STATUS,20231012,13,0,10,0,18,1
OPERA_L3_DIST-ALERT-HLS_T19HFC_20231012T142711Z_20231221T044747Z_S2A_30_v1_VEG-DIST-STATUS,20231012,255,255,10,0,18,-1
OPERA_L3_DIST-ALERT-HLS_T19HFC_20231014T141709Z_20231221T044758Z_S2B_30_v1_VEG-DIST-STATUS,20231014,11,0,10,0,20,1
OPERA_L3_DIST-ALERT-HLS_T19HFC_20231017T142719Z_20231221T044809Z_S2B_30_v1_VEG-DIST-STATUS,20231017,255,255,11,0,17,-1
OPERA_L3_DIST-ALERT-HLS_T19HFC_20231019T141711Z_20231221T044820Z_S2A_30_v1_VEG-DIST-STATUS,20231019,11,0,11,0,19,1
OPERA_L3_DIST-ALERT-HLS_T19HFC_20231019T142127Z_20231221T044831Z_L8_30_v1_VEG-DIST-STATUS,20231019,13,0,11,0,19,1
OPERA_L3_DIST-ALERT-HLS_T19HFC_20231020T141523Z_20231221T044843Z_L9_30_v1_VEG-DIST-STATUS,20231020,255,255,11,0,17,-1
OPERA_L3_DIST-ALERT-HLS_T19HFC_20231022T142711Z_20231221T044854Z_S2A_30_v1_VEG-DIST-STATUS,20231022,255,255,11,0,17,-1
OPERA_L3_DIST-ALERT-HLS_T19HFC_20231024T141709Z_20231221T044905Z_S2B_30_v1_VEG-DIST-STATUS,20231024,255,255,11,0,17,-1
OPERA_L3_DIST-ALERT-HLS_T19HFC_20231027T142131Z_20231221T044916Z_L9_30_v1_VEG-DIST-STATUS,20231027,255,255,11,0,15,-1
OPERA_L3_DIST-ALERT-HLS_T19HFC_20231027T142719Z_20231221T044928Z_S2B_30_v1_VEG-DIST-STATUS,20231027,255,255,11,0,15,-1
OPERA_L3_DIST-ALERT-HLS_T19HFC_20231028T141521Z_20231221T044939Z_L8_30_v1_VEG-DIST-STATUS,20231028,14,0,11,0,15,0
OPERA_L3_DIST-ALERT-HLS_T19HFC_20231029T141711Z_20231221T044950Z_S2A_30_v1_VEG-DIST-STATUS,20231029,12,0,11,0,16,1
OPERA_L3_DIST-ALERT-HLS_T19HFC_20231101T142711Z_20231222T210028Z_S2A_30_v1_VEG-DIST-STATUS,20231101,255,255,11,0,16,-1
OPERA_L3_DIST-ALERT-HLS_T19HFC_20231104T142130Z_20231222T210102Z_L8_30_v1_VEG-DIST-STATUS,20231104,13,0,11,0,19,1
OPERA_L3_DIST-ALERT-HLS_T19HFC_20231105T141517Z_20231222T210134Z_L9_30_v1_VEG-DIST-STATUS,20231105,13,0,11,0,20,0
OPERA_L3_DIST-ALERT-HLS_T19HFC_20231108T141711Z_20231222T210208Z_S2A_30_v1_VEG-DIST-STATUS,20231108,12,0,11,0,24,1
OPERA_L3_DIST-ALERT-HLS_T19HFC_20231112T142129Z_20231222T210240Z_L9_30_v1_VEG-DIST-STATUS,20231112,255,255,11,0,23,-1
OPERA_L3_DIST-ALERT-HLS_T19HFC_20231113T141518Z_20231222T210313Z_L8_30_v1_VEG-DIST-STATUS,20231113,14,0,11,0,26,1
OPERA_L3_DIST-ALERT-HLS_T19HFC_20231113T141709Z_20231222T210346Z_S2B_30_v1_VEG-DIST-STATUS,20231113,12,0,11,0,26,1
OPERA_L3_DIST-ALERT-HLS_T19HFC_20231116T142709Z_20231222T210420Z_S2B_30_v1_VEG-DIST-STATUS,20231116,255,255,11,0,24,-1
OPERA_L3_DIST-ALERT-HLS_T19HFC_20231118T141711Z_20231222T210454Z_S2A_30_v1_VEG-DIST-STATUS,20231118,255,255,11,0,26,-1
OPERA_L3_DIST-ALERT-HLS_T19HFC_20231121T141524Z_20231222T210527Z_L9_30_v1_VEG-DIST-STATUS,20231121,255,255,11,0,27,-1
OPERA_L3_DIST-ALERT-HLS_T19HFC_20231121T142711Z_20231222T210602Z_S2A_30_v1_VEG-DIST-STATUS,20231121,255,255,11,0,27,-1
OPERA_L3_DIST-ALERT-HLS_T19HFC_20231123T141709Z_20231222T210637Z_S2B_30_v1_VEG-DIST-STATUS,20231123,13,0,11,0,28,1
OPERA_L3_DIST-ALERT-HLS_T19HFC_20231126T142709Z_20231222T210712Z_S2B_30_v1_VEG-DIST-STATUS,20231126,255,255,11,0,28,-1
OPERA_L3_DIST-ALERT-HLS_T19HFC_20231128T141701Z_20231222T210746Z_S2A_30_v1_VEG-DIST-STATUS,20231128,255,255,11,0,31,-1
OPERA_L3_DIST-ALERT-HLS_T19HFC_20231128T142137Z_20231222T210819Z_L9_30_v1_VEG-DIST-STATUS,20231128,255,255,11,0,31,-1
OPERA_L3_DIST-ALERT-HLS_T19HFC_20231129T141521Z_20231222T210855Z_L8_30_v1_VEG-DIST-STATUS,20231129,14,0,12,0,30,1
OPERA_L3_DIST-ALERT-HLS_T19HFC_20231201T142701Z_20231222T210931Z_S2A_30_v1_VEG-DIST-STATUS,20231201,255,255,12,0,30,-1
OPERA_L3_DIST-ALERT-HLS_T19HFC_20231203T141709Z_20231222T211006Z_S2B_30_v1_VEG-DIST-STATUS,20231203,13,0,12,0,31,1
OPERA_L3_DIST-ALERT-HLS_T19HFC_20231206T142124Z_20231222T211043Z_L8_30_v1_VEG-DIST-STATUS,20231206,14,0,14,0,28,3
OPERA_L3_DIST-ALERT-HLS_T19HFC_20231206T142709Z_20231222T211120Z_S2B_30_v1_VEG-DIST-STATUS,20231206,255,255,14,0,28,-1
OPERA_L3_DIST-ALERT-HLS_T19HFC_20231207T141521Z_20231222T211158Z_L9_30_v1_VEG-DIST-STATUS,20231207,13,0,14,0,29,2
OPERA_L3_DIST-ALERT-HLS_T19HFC_20231208T141701Z_20231222T211237Z_S2A_30_v1_VEG-DIST-STATUS,20231208,12,1,14,0,31,2
OPERA_L3_DIST-ALERT-HLS_T19HFC_20231211T142711Z_20231222T211314Z_S2A_30_v1_VEG-DIST-STATUS,20231211,255,255,14,0,27,-1
OPERA_L3_DIST-ALERT-HLS_T19HFC_20231213T141709Z_20231222T211353Z_S2B_30_v1_VEG-DIST-STATUS,20231213,13,0,14,0,29,2
OPERA_L3_DIST-ALERT-HLS_T19HFC_20231214T142137Z_20231222T211433Z_L9_30_v1_VEG-DIST-STATUS,20231214,17,0,14,0,27,1
OPERA_L3_DIST-ALERT-HLS_T19HFC_20231215T141519Z_20231222T211510Z_L8_30_v1_VEG-DIST-STATUS,20231215,17,0,14,0,27,1
OPERA_L3_DIST-ALERT-HLS_T19HFC_20231216T142709Z_20231222T211548Z_S2B_30_v1_VEG-DIST-STATUS,20231216,255,255,14,0,26,-1
OPERA_L3_DIST-ALERT-HLS_T19HFC_20231218T141711Z_20231222T211626Z_S2A_30_v1_VEG-DIST-STATUS,20231218,255,255,14,0,28,-1
OPERA_L3_DIST-ALERT-HLS_T19HFC_20231221T142711Z_20240102T205224Z_S2A_30_v1_VEG-DIST-STATUS,20231221,255,255,14,0,24,-1
OPERA_L3_DIST-ALERT-HLS_T19HFC_20231222T142132Z_20240102T205248Z_L8_30_v1_VEG-DIST-STATUS,20231222,15,0,14,0,23,1
OPERA_L3_DIST-ALERT-HLS_T19HFC_20231223T141528Z_20240102T205311Z_L9_30_v1_VEG-DIST-STATUS,20231223,255,255,14,0,26,-1
OPERA_L3_DIST-ALERT-HLS_T19HFC_20231223T141709Z_20240102T205334Z_S2B_30_v1_VEG-DIST-STATUS,20231223,255,255,14,0,26,-1
OPERA_L3_DIST-ALERT-HLS_T19HFC_20231226T142719Z_20240102T205357Z_S2B_30_v1_VEG-DIST-STATUS,20231226,255,255,14,0,25,-1
OPERA_L3_DIST-ALERT-HLS_T19HFC_20231228T141711Z_20240102T205421Z_S2A_30_v1_VEG-DIST-STATUS,20231228,255,255,14,0,24,-1
OPERA_L3_DIST-ALERT-HLS_T19HFC_20231230T142137Z_20240102T205444Z_L9_30_v1_VEG-DIST-STATUS,20231230,255,255,14,0,21,-1
OPERA_L3_DIST-ALERT-HLS_T19HFC_20231231T141516Z_20240104T140416Z_L8_30_v1_VEG-DIST-STATUS,20231231,255,255,14,0,21,-1
OPERA_L3_DIST-ALERT-HLS_T19HFC_20231231T142711Z_20240104T140449Z_S2A_30_v1_VEG-DIST-STATUS,20231231,255,255,14,0,21,-1
