granuleID,SensingTime,ProductionTime,VEG-DIST-STATUS,VEG-ANOM,VEG-IND,VEG-HIST,VEG-ANOM-MAX,VEG-DIST-CONF,VEG-DIST-DATE,VEG-DIST-COUNT,VEG-DIST-DUR,VEG-LAST-DATE,GEN-DIST-STATUS,GEN-ANOM,GEN-ANOM-MAX,GEN-DIST-CONF,GEN-DIST-DATE,GEN-DIST-COUNT,GEN-DIST-DUR,GEN-LAST-DATE
OPERA_L3_DIST-ALERT-HLS_T19HFA_20230102T141711Z_20231221T041622Z_S2A_30_v1_VEG-DIST-STATUS,20230102,2023-12-21 04:16:22,0,0,9,200,0,0,NA,0,0,732,0,2,0,0,NA,0,0,732
OPERA_L3_DIST-ALERT-HLS_T19HFA_20230104T142207Z_20231221T041633Z_L8_30_v1_VEG-DIST-STATUS,20230104,2023-12-21 04:16:33,0,0,9,200,0,0,NA,0,0,734,0,2,0,0,NA,0,0,734
OPERA_L3_DIST-ALERT-HLS_T19HFA_20230105T141559Z_20231221T041645Z_L9_30_v1_VEG-DIST-STATUS,20230105,2023-12-21 04:16:45,0,0,12,200,0,0,NA,0,0,735,0,4,0,0,NA,0,0,735
OPERA_L3_DIST-ALERT-HLS_T19HFA_20230105T142711Z_20231221T041657Z_S2A_30_v1_VEG-DIST-STATUS,20230105,2023-12-21 04:16:57,0,0,9,200,0,0,NA,0,0,735,0,3,0,0,NA,0,0,735
OPERA_L3_DIST-ALERT-HLS_T19HFA_20230107T141709Z_20231221T041710Z_S2B_30_v1_VEG-DIST-STATUS,20230107,2023-12-21 04:17:10,0,0,9,200,0,0,NA,0,0,737,0,3,0,0,NA,0,0,737
OPERA_L3_DIST-ALERT-HLS_T19HFA_20230110T142709Z_20231221T041721Z_S2B_30_v1_VEG-DIST-STATUS,20230110,2023-12-21 04:17:21,0,255,255,200,0,0,NA,0,0,737,0,-1,0,0,NA,0,0,737
OPERA_L3_DIST-ALERT-HLS_T19HFA_20230112T141711Z_20231221T041733Z_S2A_30_v1_VEG-DIST-STATUS,20230112,2023-12-21 04:17:33,0,0,9,200,0,0,NA,0,0,742,0,1,0,0,NA,0,0,742
OPERA_L3_DIST-ALERT-HLS_T19HFA_20230112T142207Z_20231221T041744Z_L9_30_v1_VEG-DIST-STATUS,20230112,2023-12-21 04:17:44,0,0,8,200,0,0,NA,0,0,742,0,2,0,0,NA,0,0,742
OPERA_L3_DIST-ALERT-HLS_T19HFA_20230115T142711Z_20231221T041756Z_S2A_30_v1_VEG-DIST-STATUS,20230115,2023-12-21 04:17:56,0,0,9,200,0,0,NA,0,0,745,0,2,0,0,NA,0,0,745
OPERA_L3_DIST-ALERT-HLS_T19HFA_20230117T141709Z_20231221T041807Z_S2B_30_v1_VEG-DIST-STATUS,20230117,2023-12-21 04:18:07,0,0,7,200,0,0,NA,0,0,747,0,6,0,0,NA,0,0,747
OPERA_L3_DIST-ALERT-HLS_T19HFA_20230120T142201Z_20231221T041819Z_L8_30_v1_VEG-DIST-STATUS,20230120,2023-12-21 04:18:19,0,0,21,200,0,0,NA,0,0,750,0,5,0,0,NA,0,0,750
OPERA_L3_DIST-ALERT-HLS_T19HFA_20230120T142709Z_20231221T041831Z_S2B_30_v1_VEG-DIST-STATUS,20230120,2023-12-21 04:18:31,0,0,21,200,0,0,NA,0,0,750,0,5,0,0,NA,0,0,750
OPERA_L3_DIST-ALERT-HLS_T19HFA_20230121T141550Z_20231221T041844Z_L9_30_v1_VEG-DIST-STATUS,20230121,2023-12-21 04:18:44,0,0,8,200,0,0,NA,0,0,751,0,1,0,0,NA,0,0,751
OPERA_L3_DIST-ALERT-HLS_T19HFA_20230122T141711Z_20231221T041857Z_S2A_30_v1_VEG-DIST-STATUS,20230122,2023-12-21 04:18:57,0,0,8,200,0,0,NA,0,0,752,0,1,0,0,NA,0,0,752
OPERA_L3_DIST-ALERT-HLS_T19HFA_20230125T142711Z_20231221T041909Z_S2A_30_v1_VEG-DIST-STATUS,20230125,2023-12-21 04:19:09,0,0,5,200,0,0,NA,0,0,755,0,2,0,0,NA,0,0,755
OPERA_L3_DIST-ALERT-HLS_T19HFA_20230127T141709Z_20231221T041921Z_S2B_30_v1_VEG-DIST-STATUS,20230127,2023-12-21 04:19:21,0,0,8,200,0,0,NA,0,0,757,0,2,0,0,NA,0,0,757
OPERA_L3_DIST-ALERT-HLS_T19HFA_20230128T142208Z_20231221T041934Z_L9_30_v1_VEG-DIST-STATUS,20230128,2023-12-21 04:19:34,0,0,7,200,0,0,NA,0,0,758,0,1,0,0,NA,0,0,758
OPERA_L3_DIST-ALERT-HLS_T19HFA_20230130T142709Z_20231221T041946Z_S2B_30_v1_VEG-DIST-STATUS,20230130,2023-12-21 04:19:46,0,0,9,200,0,0,NA,0,0,760,0,2,0,0,NA,0,0,760
OPERA_L3_DIST-ALERT-HLS_T19HFA_20230204T142711Z_20231221T041958Z_S2A_30_v1_VEG-DIST-STATUS,20230204,2023-12-21 04:19:58,0,0,5,200,0,0,NA,0,0,765,0,0,0,0,NA,0,0,765
OPERA_L3_DIST-ALERT-HLS_T19HFA_20230205T142205Z_20231221T042010Z_L8_30_v1_VEG-DIST-STATUS,20230205,2023-12-21 04:20:10,0,255,255,200,0,0,NA,0,0,765,0,-1,0,0,NA,0,0,765
OPERA_L3_DIST-ALERT-HLS_T19HFA_20230206T141602Z_20231221T042022Z_L9_30_v1_VEG-DIST-STATUS,20230206,2023-12-21 04:20:22,0,0,10,200,0,0,NA,0,0,767,0,2,0,0,NA,0,0,767
OPERA_L3_DIST-ALERT-HLS_T19HFA_20230206T141709Z_20231221T042034Z_S2B_30_v1_VEG-DIST-STATUS,20230206,2023-12-21 04:20:34,0,0,6,200,0,0,NA,0,0,767,0,1,0,0,NA,0,0,767
OPERA_L3_DIST-ALERT-HLS_T19HFA_20230209T142709Z_20231221T042046Z_S2B_30_v1_VEG-DIST-STATUS,20230209,2023-12-21 04:20:46,0,0,6,200,0,0,NA,0,0,770,0,3,0,0,NA,0,0,770
OPERA_L3_DIST-ALERT-HLS_T19HFA_20230211T141711Z_20231221T042059Z_S2A_30_v1_VEG-DIST-STATUS,20230211,2023-12-21 04:20:59,0,0,10,200,0,0,NA,0,0,772,0,1,0,0,NA,0,0,772
OPERA_L3_DIST-ALERT-HLS_T19HFA_20230213T142211Z_20231221T042111Z_L9_30_v1_VEG-DIST-STATUS,20230213,2023-12-21 04:21:11,0,0,8,200,0,0,NA,0,0,774,0,2,0,0,NA,0,0,774
OPERA_L3_DIST-ALERT-HLS_T19HFA_20230214T142711Z_20231221T042123Z_S2A_30_v1_VEG-DIST-STATUS,20230214,2023-12-21 04:21:23,0,0,7,200,0,0,NA,0,0,775,0,2,0,0,NA,0,0,775
OPERA_L3_DIST-ALERT-HLS_T19HFA_20230216T141709Z_20231221T042136Z_S2B_30_v1_VEG-DIST-STATUS,20230216,2023-12-21 04:21:36,0,255,255,200,0,0,NA,0,0,775,0,-1,0,0,NA,0,0,775
OPERA_L3_DIST-ALERT-HLS_T19HFA_20230219T142709Z_20231221T042148Z_S2B_30_v1_VEG-DIST-STATUS,20230219,2023-12-21 04:21:48,0,255,255,200,0,0,NA,0,0,775,0,3,0,0,NA,0,0,780
OPERA_L3_DIST-ALERT-HLS_T19HFA_20230221T141711Z_20231221T042201Z_S2A_30_v1_VEG-DIST-STATUS,20230221,2023-12-21 04:22:01,0,255,255,200,0,0,NA,0,0,775,0,3,0,0,NA,0,0,782
OPERA_L3_DIST-ALERT-HLS_T19HFA_20230221T142151Z_20231221T042213Z_L8_30_v1_VEG-DIST-STATUS,20230221,2023-12-21 04:22:13,0,0,10,200,0,0,NA,0,0,782,0,4,0,0,NA,0,0,782
OPERA_L3_DIST-ALERT-HLS_T19HFA_20230222T141549Z_20231221T042226Z_L9_30_v1_VEG-DIST-STATUS,20230222,2023-12-21 04:22:26,0,0,9,200,0,0,NA,0,0,783,0,5,0,0,NA,0,0,783
OPERA_L3_DIST-ALERT-HLS_T19HFA_20230224T142711Z_20231221T042238Z_S2A_30_v1_VEG-DIST-STATUS,20230224,2023-12-21 04:22:38,0,0,8,200,0,0,NA,0,0,785,0,4,0,0,NA,0,0,785
OPERA_L3_DIST-ALERT-HLS_T19HFA_20230226T141709Z_20231221T042250Z_S2B_30_v1_VEG-DIST-STATUS,20230226,2023-12-21 04:22:50,0,0,7,200,0,0,NA,0,0,787,0,5,0,0,NA,0,0,787
OPERA_L3_DIST-ALERT-HLS_T19HFA_20230301T142158Z_20231221T042303Z_L9_30_v1_VEG-DIST-STATUS,20230301,2023-12-21 04:23:03,0,1,7,200,0,0,NA,0,0,790,0,3,0,0,NA,0,0,790
OPERA_L3_DIST-ALERT-HLS_T19HFA_20230301T142709Z_20231221T042315Z_S2B_30_v1_VEG-DIST-STATUS,20230301,2023-12-21 04:23:15,0,0,8,200,0,0,NA,0,0,790,0,3,0,0,NA,0,0,790
OPERA_L3_DIST-ALERT-HLS_T19HFA_20230302T141535Z_20231221T042328Z_L8_30_v1_VEG-DIST-STATUS,20230302,2023-12-21 04:23:28,0,0,9,200,0,0,NA,0,0,791,0,3,0,0,NA,0,0,791
OPERA_L3_DIST-ALERT-HLS_T19HFA_20230303T141711Z_20231221T042340Z_S2A_30_v1_VEG-DIST-STATUS,20230303,2023-12-21 04:23:40,0,0,9,200,0,0,NA,0,0,792,0,4,0,0,NA,0,0,792
OPERA_L3_DIST-ALERT-HLS_T19HFA_20230308T141719Z_20231221T042353Z_S2B_30_v1_VEG-DIST-STATUS,20230308,2023-12-21 04:23:53,0,0,7,200,0,0,NA,0,0,797,0,4,0,0,NA,0,0,797
OPERA_L3_DIST-ALERT-HLS_T19HFA_20230309T142141Z_20231221T042407Z_L8_30_v1_VEG-DIST-STATUS,20230309,2023-12-21 04:24:07,0,255,255,200,0,0,NA,0,0,797,0,-1,0,0,NA,0,0,797
OPERA_L3_DIST-ALERT-HLS_T19HFA_20230310T141540Z_20231221T042422Z_L9_30_v1_VEG-DIST-STATUS,20230310,2023-12-21 04:24:22,0,0,9,200,0,0,NA,0,0,799,0,3,0,0,NA,0,0,799
OPERA_L3_DIST-ALERT-HLS_T19HFA_20230311T142719Z_20231221T042435Z_S2B_30_v1_VEG-DIST-STATUS,20230311,2023-12-21 04:24:35,0,255,255,200,0,0,NA,0,0,799,0,4,0,0,NA,0,0,800
OPERA_L3_DIST-ALERT-HLS_T19HFA_20230313T141711Z_20231221T042449Z_S2A_30_v1_VEG-DIST-STATUS,20230313,2023-12-21 04:24:49,0,0,7,200,0,0,NA,0,0,802,0,4,0,0,NA,0,0,802
OPERA_L3_DIST-ALERT-HLS_T19HFA_20230316T142711Z_20231221T042503Z_S2A_30_v1_VEG-DIST-STATUS,20230316,2023-12-21 04:25:03,0,0,25,200,0,0,NA,0,0,805,0,4,0,0,NA,0,0,805
OPERA_L3_DIST-ALERT-HLS_T19HFA_20230317T142151Z_20231221T042516Z_L9_30_v1_VEG-DIST-STATUS,20230317,2023-12-21 04:25:16,0,0,9,200,0,0,NA,0,0,806,0,2,0,0,NA,0,0,806
OPERA_L3_DIST-ALERT-HLS_T19HFA_20230318T141527Z_20231221T042529Z_L8_30_v1_VEG-DIST-STATUS,20230318,2023-12-21 04:25:29,0,255,255,200,0,0,NA,0,0,806,0,-1,0,0,NA,0,0,806
OPERA_L3_DIST-ALERT-HLS_T19HFA_20230321T142719Z_20231221T042542Z_S2B_30_v1_VEG-DIST-STATUS,20230321,2023-12-21 04:25:42,0,255,255,200,0,0,NA,0,0,806,0,3,0,0,NA,0,0,810
OPERA_L3_DIST-ALERT-HLS_T19HFA_20230323T141711Z_20231221T042555Z_S2A_30_v1_VEG-DIST-STATUS,20230323,2023-12-21 04:25:55,0,255,255,200,0,0,NA,0,0,806,0,-1,0,0,NA,0,0,810
OPERA_L3_DIST-ALERT-HLS_T19HFA_20230325T142132Z_20231221T042607Z_L8_30_v1_VEG-DIST-STATUS,20230325,2023-12-21 04:26:07,0,255,255,200,0,0,NA,0,0,806,0,-1,0,0,NA,0,0,810
OPERA_L3_DIST-ALERT-HLS_T19HFA_20230326T141533Z_20231221T042619Z_L9_30_v1_VEG-DIST-STATUS,20230326,2023-12-21 04:26:19,0,0,4,200,0,0,NA,0,0,815,0,3,0,0,NA,0,0,815
OPERA_L3_DIST-ALERT-HLS_T19HFA_20230326T142711Z_20231221T042631Z_S2A_30_v1_VEG-DIST-STATUS,20230326,2023-12-21 04:26:31,0,0,6,200,0,0,NA,0,0,815,0,2,0,0,NA,0,0,815
OPERA_L3_DIST-ALERT-HLS_T19HFA_20230328T141719Z_20231221T042644Z_S2B_30_v1_VEG-DIST-STATUS,20230328,2023-12-21 04:26:44,0,0,3,200,0,0,NA,0,0,817,0,3,0,0,NA,0,0,817
OPERA_L3_DIST-ALERT-HLS_T19HFA_20230331T142719Z_20231221T042656Z_S2B_30_v1_VEG-DIST-STATUS,20230331,2023-12-21 04:26:56,0,0,4,200,0,0,NA,0,0,820,0,2,0,0,NA,0,0,820
OPERA_L3_DIST-ALERT-HLS_T19HFA_20230402T141711Z_20231221T042709Z_S2A_30_v1_VEG-DIST-STATUS,20230402,2023-12-21 04:27:09,0,0,4,200,0,0,NA,0,0,822,0,3,0,0,NA,0,0,822
OPERA_L3_DIST-ALERT-HLS_T19HFA_20230402T142140Z_20231221T042720Z_L9_30_v1_VEG-DIST-STATUS,20230402,2023-12-21 04:27:20,0,255,255,200,0,0,NA,0,0,822,0,3,0,0,NA,0,0,822
OPERA_L3_DIST-ALERT-HLS_T19HFA_20230403T141516Z_20231221T042733Z_L8_30_v1_VEG-DIST-STATUS,20230403,2023-12-21 04:27:33,0,255,255,200,0,0,NA,0,0,822,0,-1,0,0,NA,0,0,822
OPERA_L3_DIST-ALERT-HLS_T19HFA_20230405T142711Z_20231221T042745Z_S2A_30_v1_VEG-DIST-STATUS,20230405,2023-12-21 04:27:45,0,255,255,200,0,0,NA,0,0,822,0,-1,0,0,NA,0,0,822
OPERA_L3_DIST-ALERT-HLS_T19HFA_20230407T141719Z_20231221T042757Z_S2B_30_v1_VEG-DIST-STATUS,20230407,2023-12-21 04:27:57,0,0,4,200,0,0,NA,0,0,827,0,3,0,0,NA,0,0,827
OPERA_L3_DIST-ALERT-HLS_T19HFA_20230410T142116Z_20231221T042809Z_L8_30_v1_VEG-DIST-STATUS,20230410,2023-12-21 04:28:09,0,255,255,200,0,0,NA,0,0,827,0,-1,0,0,NA,0,0,827
OPERA_L3_DIST-ALERT-HLS_T19HFA_20230410T142719Z_20231221T042821Z_S2B_30_v1_VEG-DIST-STATUS,20230410,2023-12-21 04:28:21,0,255,255,200,0,0,NA,0,0,827,0,-1,0,0,NA,0,0,827
OPERA_L3_DIST-ALERT-HLS_T19HFA_20230411T141525Z_20231221T042833Z_L9_30_v1_VEG-DIST-STATUS,20230411,2023-12-21 04:28:33,0,1,3,200,0,0,NA,0,0,831,0,3,0,0,NA,0,0,831
OPERA_L3_DIST-ALERT-HLS_T19HFA_20230412T141711Z_20231221T042846Z_S2A_30_v1_VEG-DIST-STATUS,20230412,2023-12-21 04:28:46,0,255,255,200,0,0,NA,0,0,831,0,-1,0,0,NA,0,0,831
OPERA_L3_DIST-ALERT-HLS_T19HFA_20230415T142711Z_20231221T042859Z_S2A_30_v1_VEG-DIST-STATUS,20230415,2023-12-21 04:28:59,0,255,255,200,0,0,NA,0,0,831,0,-1,0,0,NA,0,0,831
OPERA_L3_DIST-ALERT-HLS_T19HFA_20230417T141719Z_20231221T042911Z_S2B_30_v1_VEG-DIST-STATUS,20230417,2023-12-21 04:29:11,0,255,255,200,0,0,NA,0,0,831,0,-1,0,0,NA,0,0,831
OPERA_L3_DIST-ALERT-HLS_T19HFA_20230418T142134Z_20231221T042924Z_L9_30_v1_VEG-DIST-STATUS,20230418,2023-12-21 04:29:24,0,0,23,200,0,0,NA,0,0,838,0,8,0,0,NA,0,0,838
OPERA_L3_DIST-ALERT-HLS_T19HFA_20230419T141502Z_20231221T042936Z_L8_30_v1_VEG-DIST-STATUS,20230419,2023-12-21 04:29:36,0,255,255,200,0,0,NA,0,0,838,0,2,0,0,NA,0,0,839
OPERA_L3_DIST-ALERT-HLS_T19HFA_20230420T142719Z_20231221T042948Z_S2B_30_v1_VEG-DIST-STATUS,20230420,2023-12-21 04:29:48,0,1,3,200,0,0,NA,0,0,840,0,2,0,0,NA,0,0,840
OPERA_L3_DIST-ALERT-HLS_T19HFA_20230422T141711Z_20231221T043000Z_S2A_30_v1_VEG-DIST-STATUS,20230422,2023-12-21 04:30:00,0,1,3,200,0,0,NA,0,0,842,0,2,0,0,NA,0,0,842
OPERA_L3_DIST-ALERT-HLS_T19HFA_20230425T142711Z_20231221T043012Z_S2A_30_v1_VEG-DIST-STATUS,20230425,2023-12-21 04:30:12,0,0,4,200,0,0,NA,0,0,845,0,2,0,0,NA,0,0,845
OPERA_L3_DIST-ALERT-HLS_T19HFA_20230426T142113Z_20231221T043025Z_L8_30_v1_VEG-DIST-STATUS,20230426,2023-12-21 04:30:25,0,255,255,200,0,0,NA,0,0,845,0,-1,0,0,NA,0,0,845
OPERA_L3_DIST-ALERT-HLS_T19HFA_20230427T141518Z_20231221T043038Z_L9_30_v1_VEG-DIST-STATUS,20230427,2023-12-21 04:30:38,0,255,255,200,0,0,NA,0,0,845,0,-1,0,0,NA,0,0,845
OPERA_L3_DIST-ALERT-HLS_T19HFA_20230427T141719Z_20231221T043051Z_S2B_30_v1_VEG-DIST-STATUS,20230427,2023-12-21 04:30:51,0,255,255,200,0,0,NA,0,0,845,0,-1,0,0,NA,0,0,845
OPERA_L3_DIST-ALERT-HLS_T19HFA_20230430T142719Z_20231221T043103Z_S2B_30_v1_VEG-DIST-STATUS,20230430,2023-12-21 04:31:03,0,255,255,200,0,0,NA,0,0,845,0,-1,0,0,NA,0,0,845
OPERA_L3_DIST-ALERT-HLS_T19HFA_20230502T141711Z_20231221T043115Z_S2A_30_v1_VEG-DIST-STATUS,20230502,2023-12-21 04:31:15,0,5,4,200,0,0,NA,0,0,852,0,2,0,0,NA,0,0,852
OPERA_L3_DIST-ALERT-HLS_T19HFA_20230504T142121Z_20231221T043127Z_L9_30_v1_VEG-DIST-STATUS,20230504,2023-12-21 04:31:27,0,4,5,200,0,0,NA,0,0,854,0,3,0,0,NA,0,0,854
OPERA_L3_DIST-ALERT-HLS_T19HFA_20230505T141457Z_20231221T043140Z_L8_30_v1_VEG-DIST-STATUS,20230505,2023-12-21 04:31:40,0,5,4,200,0,0,NA,0,0,855,0,2,0,0,NA,0,0,855
OPERA_L3_DIST-ALERT-HLS_T19HFA_20230505T142711Z_20231221T043151Z_S2A_30_v1_VEG-DIST-STATUS,20230505,2023-12-21 04:31:51,0,255,255,200,0,0,NA,0,0,855,0,2,0,0,NA,0,0,855
OPERA_L3_DIST-ALERT-HLS_T19HFA_20230510T142719Z_20231221T043203Z_S2B_30_v1_VEG-DIST-STATUS,20230510,2023-12-21 04:32:03,0,4,5,200,0,0,NA,0,0,860,0,2,0,0,NA,0,0,860
OPERA_L3_DIST-ALERT-HLS_T19HFA_20230512T141711Z_20231221T043216Z_S2A_30_v1_VEG-DIST-STATUS,20230512,2023-12-21 04:32:16,0,255,255,200,0,0,NA,0,0,860,0,-1,0,0,NA,0,0,860
OPERA_L3_DIST-ALERT-HLS_T19HFA_20230512T142100Z_20231221T043228Z_L8_30_v1_VEG-DIST-STATUS,20230512,2023-12-21 04:32:28,0,6,3,200,0,0,NA,0,0,862,0,2,0,0,NA,0,0,862
OPERA_L3_DIST-ALERT-HLS_T19HFA_20230513T141509Z_20231221T043240Z_L9_30_v1_VEG-DIST-STATUS,20230513,2023-12-21 04:32:40,0,255,255,200,0,0,NA,0,0,862,0,-1,0,0,NA,0,0,862
OPERA_L3_DIST-ALERT-HLS_T19HFA_20230515T142711Z_20231221T043252Z_S2A_30_v1_VEG-DIST-STATUS,20230515,2023-12-21 04:32:52,0,2,7,200,0,0,NA,0,0,865,0,1,0,0,NA,0,0,865
OPERA_L3_DIST-ALERT-HLS_T19HFA_20230520T142115Z_20231221T043304Z_L9_30_v1_VEG-DIST-STATUS,20230520,2023-12-21 04:33:04,0,0,17,200,0,0,NA,0,0,870,0,1,0,0,NA,0,0,870
OPERA_L3_DIST-ALERT-HLS_T19HFA_20230520T142719Z_20231221T043316Z_S2B_30_v1_VEG-DIST-STATUS,20230520,2023-12-21 04:33:16,0,2,7,200,0,0,NA,0,0,870,0,1,0,0,NA,0,0,870
OPERA_L3_DIST-ALERT-HLS_T19HFA_20230521T141449Z_20231221T043328Z_L8_30_v1_VEG-DIST-STATUS,20230521,2023-12-21 04:33:28,0,255,255,200,0,0,NA,0,0,870,0,-1,0,0,NA,0,0,870
OPERA_L3_DIST-ALERT-HLS_T19HFA_20230522T141711Z_20231221T043341Z_S2A_30_v1_VEG-DIST-STATUS,20230522,2023-12-21 04:33:41,0,255,255,200,0,0,NA,0,0,870,0,-1,0,0,NA,0,0,870
OPERA_L3_DIST-ALERT-HLS_T19HFA_20230525T142721Z_20231221T043354Z_S2A_30_v1_VEG-DIST-STATUS,20230525,2023-12-21 04:33:54,0,255,255,200,0,0,NA,0,0,870,0,-1,0,0,NA,0,0,870
OPERA_L3_DIST-ALERT-HLS_T19HFA_20230527T141719Z_20231221T043406Z_S2B_30_v1_VEG-DIST-STATUS,20230527,2023-12-21 04:34:06,0,255,255,200,0,0,NA,0,0,870,0,-1,0,0,NA,0,0,870
OPERA_L3_DIST-ALERT-HLS_T19HFA_20230528T142101Z_20231221T043419Z_L8_30_v1_VEG-DIST-STATUS,20230528,2023-12-21 04:34:19,0,1,19,200,0,0,NA,0,0,878,0,1,0,0,NA,0,0,878
OPERA_L3_DIST-ALERT-HLS_T19HFA_20230529T141500Z_20231221T043431Z_L9_30_v1_VEG-DIST-STATUS,20230529,2023-12-21 04:34:31,0,255,255,200,0,0,NA,0,0,878,0,-1,0,0,NA,0,0,878
OPERA_L3_DIST-ALERT-HLS_T19HFA_20230604T142721Z_20231221T043444Z_S2A_30_v1_VEG-DIST-STATUS,20230604,2023-12-21 04:34:44,0,255,255,200,0,0,NA,0,0,878,0,-1,0,0,NA,0,0,878
OPERA_L3_DIST-ALERT-HLS_T19HFA_20230605T142109Z_20231221T043456Z_L9_30_v1_VEG-DIST-STATUS,20230605,2023-12-21 04:34:56,0,255,255,200,0,0,NA,0,0,878,0,-1,0,0,NA,0,0,878
OPERA_L3_DIST-ALERT-HLS_T19HFA_20230606T141454Z_20231221T043509Z_L8_30_v1_VEG-DIST-STATUS,20230606,2023-12-21 04:35:09,0,255,255,200,0,0,NA,0,0,878,0,-1,0,0,NA,0,0,878
OPERA_L3_DIST-ALERT-HLS_T19HFA_20230606T141719Z_20231221T043521Z_S2B_30_v1_VEG-DIST-STATUS,20230606,2023-12-21 04:35:21,0,255,255,200,0,0,NA,0,0,878,0,-1,0,0,NA,0,0,878
OPERA_L3_DIST-ALERT-HLS_T19HFA_20230611T141711Z_20231221T043533Z_S2A_30_v1_VEG-DIST-STATUS,20230611,2023-12-21 04:35:33,1,10,8,18,10,10,20230611,1,1,892,0,1,0,0,NA,0,0,892
OPERA_L3_DIST-ALERT-HLS_T19HFA_20230613T142109Z_20231221T043545Z_L8_30_v1_VEG-DIST-STATUS,20230613,2023-12-21 04:35:45,0,3,15,200,0,0,NA,0,0,894,0,2,0,0,NA,0,0,894
OPERA_L3_DIST-ALERT-HLS_T19HFA_20230614T141451Z_20231221T043557Z_L9_30_v1_VEG-DIST-STATUS,20230614,2023-12-21 04:35:57,0,255,255,200,0,0,NA,0,0,894,0,-1,0,0,NA,0,0,894
OPERA_L3_DIST-ALERT-HLS_T19HFA_20230616T141719Z_20231221T043609Z_S2B_30_v1_VEG-DIST-STATUS,20230616,2023-12-21 04:36:09,0,255,255,200,0,0,NA,0,0,894,0,-1,0,0,NA,0,0,894
OPERA_L3_DIST-ALERT-HLS_T19HFA_20230621T141721Z_20231221T043622Z_S2A_30_v1_VEG-DIST-STATUS,20230621,2023-12-21 04:36:22,0,0,21,200,0,0,NA,0,0,902,0,1,0,0,NA,0,0,902
OPERA_L3_DIST-ALERT-HLS_T19HFA_20230621T142102Z_20231221T043635Z_L9_30_v1_VEG-DIST-STATUS,20230621,2023-12-21 04:36:35,0,0,18,200,0,0,NA,0,0,902,0,1,0,0,NA,0,0,902
OPERA_L3_DIST-ALERT-HLS_T19HFA_20230624T142721Z_20231221T043647Z_S2A_30_v1_VEG-DIST-STATUS,20230624,2023-12-21 04:36:47,0,255,255,200,0,0,NA,0,0,902,0,-1,0,0,NA,0,0,902
OPERA_L3_DIST-ALERT-HLS_T19HFA_20230626T141719Z_20231221T043700Z_S2B_30_v1_VEG-DIST-STATUS,20230626,2023-12-21 04:37:00,0,9,9,200,0,0,NA,0,0,907,0,3,0,0,NA,0,0,907
OPERA_L3_DIST-ALERT-HLS_T19HFA_20230630T141459Z_20231221T043712Z_L9_30_v1_VEG-DIST-STATUS,20230630,2023-12-21 04:37:12,0,8,10,200,0,0,NA,0,0,911,0,2,0,0,NA,0,0,911
OPERA_L3_DIST-ALERT-HLS_T19HFA_20230704T142721Z_20231221T043723Z_S2A_30_v1_VEG-DIST-STATUS,20230704,2023-12-21 04:37:23,1,15,3,18,15,15,20230704,1,1,915,0,3,0,0,NA,0,0,915
OPERA_L3_DIST-ALERT-HLS_T19HFA_20230706T141719Z_20231221T043735Z_S2B_30_v1_VEG-DIST-STATUS,20230706,2023-12-21 04:37:35,1,255,255,18,15,15,20230704,1,1,915,0,-1,0,0,NA,0,0,915
OPERA_L3_DIST-ALERT-HLS_T19HFA_20230707T142116Z_20231221T043746Z_L9_30_v1_VEG-DIST-STATUS,20230707,2023-12-21 04:37:46,1,255,255,18,15,15,20230704,1,1,915,0,-1,0,0,NA,0,0,915
OPERA_L3_DIST-ALERT-HLS_T19HFA_20230708T141513Z_20231221T043759Z_L8_30_v1_VEG-DIST-STATUS,20230708,2023-12-21 04:37:59,1,255,255,18,15,15,20230704,1,1,915,0,-1,0,0,NA,0,0,915
OPERA_L3_DIST-ALERT-HLS_T19HFA_20230709T142719Z_20231221T043811Z_S2B_30_v1_VEG-DIST-STATUS,20230709,2023-12-21 04:38:11,2,16,6,22,16,62,20230704,2,6,920,0,3,0,0,NA,0,0,920
OPERA_L3_DIST-ALERT-HLS_T19HFA_20230715T142125Z_20231221T043822Z_L8_30_v1_VEG-DIST-STATUS,20230715,2023-12-21 04:38:22,2,2,18,22,16,44,20230704,2,6,926,0,3,0,0,NA,0,0,926
OPERA_L3_DIST-ALERT-HLS_T19HFA_20230716T141508Z_20231221T043834Z_L9_30_v1_VEG-DIST-STATUS,20230716,2023-12-21 04:38:34,2,255,255,22,16,44,20230704,2,6,926,0,-1,0,0,NA,0,0,926
OPERA_L3_DIST-ALERT-HLS_T19HFA_20230716T141719Z_20231221T043847Z_S2B_30_v1_VEG-DIST-STATUS,20230716,2023-12-21 04:38:47,2,10,7,22,16,96,20230704,3,13,927,0,10,0,0,NA,0,0,927
OPERA_L3_DIST-ALERT-HLS_T19HFA_20230719T142719Z_20231221T043859Z_S2B_30_v1_VEG-DIST-STATUS,20230719,2023-12-21 04:38:59,2,0,20,22,16,76,20230704,3,13,930,0,2,0,0,NA,0,0,930
OPERA_L3_DIST-ALERT-HLS_T19HFA_20230721T141711Z_20231221T043911Z_S2A_30_v1_VEG-DIST-STATUS,20230721,2023-12-21 04:39:11,2,255,255,22,16,76,20230704,3,13,930,0,-1,0,0,NA,0,0,930
OPERA_L3_DIST-ALERT-HLS_T19HFA_20230723T142117Z_20231221T043923Z_L9_30_v1_VEG-DIST-STATUS,20230723,2023-12-21 04:39:23,2,255,255,22,16,76,20230704,3,13,930,0,-1,0,0,NA,0,0,930
OPERA_L3_DIST-ALERT-HLS_T19HFA_20230724T141517Z_20231221T043935Z_L8_30_v1_VEG-DIST-STATUS,20230724,2023-12-21 04:39:35,2,255,255,22,16,76,20230704,3,13,930,0,-1,0,0,NA,0,0,930
OPERA_L3_DIST-ALERT-HLS_T19HFA_20230724T142721Z_20231221T043947Z_S2A_30_v1_VEG-DIST-STATUS,20230724,2023-12-21 04:39:47,0,0,21,200,0,0,NA,0,0,935,0,1,0,0,NA,0,0,935
OPERA_L3_DIST-ALERT-HLS_T19HFA_20230726T141719Z_20231221T043959Z_S2B_30_v1_VEG-DIST-STATUS,20230726,2023-12-21 04:39:59,0,255,255,200,0,0,NA,0,0,935,0,-1,0,0,NA,0,0,935
OPERA_L3_DIST-ALERT-HLS_T19HFA_20230729T142719Z_20231221T044010Z_S2B_30_v1_VEG-DIST-STATUS,20230729,2023-12-21 04:40:10,0,255,255,200,0,0,NA,0,0,935,0,-1,0,0,NA,0,0,935
OPERA_L3_DIST-ALERT-HLS_T19HFA_20230731T142133Z_20231221T044022Z_L8_30_v1_VEG-DIST-STATUS,20230731,2023-12-21 04:40:22,0,255,255,200,0,0,NA,0,0,935,0,0,0,0,NA,0,0,942
OPERA_L3_DIST-ALERT-HLS_T19HFA_20230801T141514Z_20231221T044034Z_L9_30_v1_VEG-DIST-STATUS,20230801,2023-12-21 04:40:34,0,5,4,200,0,0,NA,0,0,943,0,3,0,0,NA,0,0,943
OPERA_L3_DIST-ALERT-HLS_T19HFA_20230803T142721Z_20231221T044046Z_S2A_30_v1_VEG-DIST-STATUS,20230803,2023-12-21 04:40:46,0,6,3,200,0,0,NA,0,0,945,0,2,0,0,NA,0,0,945
OPERA_L3_DIST-ALERT-HLS_T19HFA_20230805T141719Z_20231221T044058Z_S2B_30_v1_VEG-DIST-STATUS,20230805,2023-12-21 04:40:58,0,6,3,200,0,0,NA,0,0,947,0,2,0,0,NA,0,0,947
OPERA_L3_DIST-ALERT-HLS_T19HFA_20230808T142128Z_20231221T044111Z_L9_30_v1_VEG-DIST-STATUS,20230808,2023-12-21 04:41:11,0,1,4,200,0,0,NA,0,0,950,0,2,0,0,NA,0,0,950
OPERA_L3_DIST-ALERT-HLS_T19HFA_20230808T142719Z_20231221T044122Z_S2B_30_v1_VEG-DIST-STATUS,20230808,2023-12-21 04:41:22,0,3,2,200,0,0,NA,0,0,950,0,2,0,0,NA,0,0,950
OPERA_L3_DIST-ALERT-HLS_T19HFA_20230809T141523Z_20231221T044134Z_L8_30_v1_VEG-DIST-STATUS,20230809,2023-12-21 04:41:34,0,255,255,200,0,0,NA,0,0,950,0,0,0,0,NA,0,0,951
OPERA_L3_DIST-ALERT-HLS_T19HFA_20230813T142721Z_20231221T044146Z_S2A_30_v1_VEG-DIST-STATUS,20230813,2023-12-21 04:41:46,0,0,10,200,0,0,NA,0,0,955,0,6,0,0,NA,0,0,955
OPERA_L3_DIST-ALERT-HLS_T19HFA_20230815T141719Z_20231221T044158Z_S2B_30_v1_VEG-DIST-STATUS,20230815,2023-12-21 04:41:58,0,255,255,200,0,0,NA,0,0,955,0,-1,0,0,NA,0,0,955
OPERA_L3_DIST-ALERT-HLS_T19HFA_20230816T142139Z_20231221T044210Z_L8_30_v1_VEG-DIST-STATUS,20230816,2023-12-21 04:42:10,0,255,255,200,0,0,NA,0,0,955,0,-1,0,0,NA,0,0,955
OPERA_L3_DIST-ALERT-HLS_T19HFA_20230817T141517Z_20231221T044222Z_L9_30_v1_VEG-DIST-STATUS,20230817,2023-12-21 04:42:22,0,255,255,200,0,0,NA,0,0,955,0,-1,0,0,NA,0,0,955
OPERA_L3_DIST-ALERT-HLS_T19HFA_20230823T142721Z_20231221T044234Z_S2A_30_v1_VEG-DIST-STATUS,20230823,2023-12-21 04:42:34,0,0,25,200,0,0,NA,0,0,965,0,4,0,0,NA,0,0,965
OPERA_L3_DIST-ALERT-HLS_T19HFA_20230824T142135Z_20231221T044248Z_L9_30_v1_VEG-DIST-STATUS,20230824,2023-12-21 04:42:48,0,0,20,200,0,0,NA,0,0,966,0,3,0,0,NA,0,0,966
OPERA_L3_DIST-ALERT-HLS_T19HFA_20230825T141531Z_20231221T044300Z_L8_30_v1_VEG-DIST-STATUS,20230825,2023-12-21 04:43:00,0,255,255,200,0,0,NA,0,0,966,0,-1,0,0,NA,0,0,966
OPERA_L3_DIST-ALERT-HLS_T19HFA_20230825T141719Z_20231221T044312Z_S2B_30_v1_VEG-DIST-STATUS,20230825,2023-12-21 04:43:12,0,255,255,200,0,0,NA,0,0,966,0,-1,0,0,NA,0,0,966
OPERA_L3_DIST-ALERT-HLS_T19HFA_20230828T142719Z_20231221T044324Z_S2B_30_v1_VEG-DIST-STATUS,20230828,2023-12-21 04:43:24,0,0,4,200,0,0,NA,0,0,970,0,3,0,0,NA,0,0,970
OPERA_L3_DIST-ALERT-HLS_T19HFA_20230830T141721Z_20231221T044336Z_S2A_30_v1_VEG-DIST-STATUS,20230830,2023-12-21 04:43:36,0,0,3,200,0,0,NA,0,0,972,0,2,0,0,NA,0,0,972
OPERA_L3_DIST-ALERT-HLS_T19HFA_20230901T142142Z_20231221T044348Z_L8_30_v1_VEG-DIST-STATUS,20230901,2023-12-21 04:43:48,0,255,255,200,0,0,NA,0,0,972,0,0,0,0,NA,0,0,974
OPERA_L3_DIST-ALERT-HLS_T19HFA_20230902T141529Z_20231221T044359Z_L9_30_v1_VEG-DIST-STATUS,20230902,2023-12-21 04:43:59,0,255,255,200,0,0,NA,0,0,972,0,-1,0,0,NA,0,0,974
OPERA_L3_DIST-ALERT-HLS_T19HFA_20230907T142719Z_20231221T044411Z_S2B_30_v1_VEG-DIST-STATUS,20230907,2023-12-21 04:44:11,0,255,255,200,0,0,NA,0,0,972,0,-1,0,0,NA,0,0,974
OPERA_L3_DIST-ALERT-HLS_T19HFA_20230909T141721Z_20231221T044422Z_S2A_30_v1_VEG-DIST-STATUS,20230909,2023-12-21 04:44:22,0,255,255,200,0,0,NA,0,0,972,0,-1,0,0,NA,0,0,974
OPERA_L3_DIST-ALERT-HLS_T19HFA_20230909T142145Z_20231221T044434Z_L9_30_v1_VEG-DIST-STATUS,20230909,2023-12-21 04:44:34,0,0,3,200,0,0,NA,0,0,982,0,2,0,0,NA,0,0,982
OPERA_L3_DIST-ALERT-HLS_T19HFA_20230910T141532Z_20231221T044446Z_L8_30_v1_VEG-DIST-STATUS,20230910,2023-12-21 04:44:46,0,255,255,200,0,0,NA,0,0,982,0,-1,0,0,NA,0,0,982
OPERA_L3_DIST-ALERT-HLS_T19HFA_20230912T142721Z_20231221T044458Z_S2A_30_v1_VEG-DIST-STATUS,20230912,2023-12-21 04:44:58,0,0,3,200,0,0,NA,0,0,985,0,2,0,0,NA,0,0,985
OPERA_L3_DIST-ALERT-HLS_T19HFA_20230914T141739Z_20231221T044510Z_S2B_30_v1_VEG-DIST-STATUS,20230914,2023-12-21 04:45:10,0,255,255,200,0,0,NA,0,0,985,0,-1,0,0,NA,0,0,985
OPERA_L3_DIST-ALERT-HLS_T19HFA_20230917T142147Z_20231221T044522Z_L8_30_v1_VEG-DIST-STATUS,20230917,2023-12-21 04:45:22,0,255,255,200,0,0,NA,0,0,985,0,-1,0,0,NA,0,0,985
OPERA_L3_DIST-ALERT-HLS_T19HFA_20230917T142719Z_20231221T044533Z_S2B_30_v1_VEG-DIST-STATUS,20230917,2023-12-21 04:45:33,0,255,255,200,0,0,NA,0,0,985,0,-1,0,0,NA,0,0,985
OPERA_L3_DIST-ALERT-HLS_T19HFA_20230918T141600Z_20231221T044545Z_L9_30_v1_VEG-DIST-STATUS,20230918,2023-12-21 04:45:45,0,255,255,200,0,0,NA,0,0,985,0,0,0,0,NA,0,0,991
OPERA_L3_DIST-ALERT-HLS_T19HFA_20230919T141711Z_20231221T044556Z_S2A_30_v1_VEG-DIST-STATUS,20230919,2023-12-21 04:45:56,0,255,255,200,0,0,NA,0,0,985,0,-1,0,0,NA,0,0,991
OPERA_L3_DIST-ALERT-HLS_T19HFA_20230922T142711Z_20231221T044608Z_S2A_30_v1_VEG-DIST-STATUS,20230922,2023-12-21 04:46:08,0,255,255,200,0,0,NA,0,0,985,0,-1,0,0,NA,0,0,991
OPERA_L3_DIST-ALERT-HLS_T19HFA_20230924T141719Z_20231221T044619Z_S2B_30_v1_VEG-DIST-STATUS,20230924,2023-12-21 04:46:19,0,255,255,200,0,0,NA,0,0,985,0,-1,0,0,NA,0,0,991
OPERA_L3_DIST-ALERT-HLS_T19HFA_20230925T142144Z_20231221T044630Z_L9_30_v1_VEG-DIST-STATUS,20230925,2023-12-21 04:46:30,0,255,255,200,0,0,NA,0,0,985,0,-1,0,0,NA,0,0,991
OPERA_L3_DIST-ALERT-HLS_T19HFA_20230926T141538Z_20231221T044643Z_L8_30_v1_VEG-DIST-STATUS,20230926,2023-12-21 04:46:43,0,0,5,200,0,0,NA,0,0,999,0,2,0,0,NA,0,0,999
OPERA_L3_DIST-ALERT-HLS_T19HFA_20230927T142719Z_20231221T044654Z_S2B_30_v1_VEG-DIST-STATUS,20230927,2023-12-21 04:46:54,0,0,5,200,0,0,NA,0,0,1000,0,2,0,0,NA,0,0,1000
OPERA_L3_DIST-ALERT-HLS_T19HFA_20230929T141711Z_20231221T044706Z_S2A_30_v1_VEG-DIST-STATUS,20230929,2023-12-21 04:47:06,0,0,6,200,0,0,NA,0,0,1002,0,2,0,0,NA,0,0,1002
OPERA_L3_DIST-ALERT-HLS_T19HFA_20231002T142711Z_20231221T044718Z_S2A_30_v1_VEG-DIST-STATUS,20231002,2023-12-21 04:47:18,0,0,6,200,0,0,NA,0,0,1005,0,1,0,0,NA,0,0,1005
OPERA_L3_DIST-ALERT-HLS_T19HFA_20231003T142150Z_20231221T044730Z_L8_30_v1_VEG-DIST-STATUS,20231003,2023-12-21 04:47:30,0,255,255,200,0,0,NA,0,0,1005,0,0,0,0,NA,0,0,1006
OPERA_L3_DIST-ALERT-HLS_T19HFA_20231004T141538Z_20231221T044742Z_L9_30_v1_VEG-DIST-STATUS,20231004,2023-12-21 04:47:42,0,0,7,200,0,0,NA,0,0,1007,0,1,0,0,NA,0,0,1007
OPERA_L3_DIST-ALERT-HLS_T19HFA_20231004T141709Z_20231221T044754Z_S2B_30_v1_VEG-DIST-STATUS,20231004,2023-12-21 04:47:54,0,0,6,200,0,0,NA,0,0,1007,0,2,0,0,NA,0,0,1007
OPERA_L3_DIST-ALERT-HLS_T19HFA_20231007T142709Z_20231221T044805Z_S2B_30_v1_VEG-DIST-STATUS,20231007,2023-12-21 04:48:05,0,0,7,200,0,0,NA,0,0,1010,0,1,0,0,NA,0,0,1010
OPERA_L3_DIST-ALERT-HLS_T19HFA_20231009T141711Z_20231221T044817Z_S2A_30_v1_VEG-DIST-STATUS,20231009,2023-12-21 04:48:17,0,255,255,200,0,0,NA,0,0,1010,0,-1,0,0,NA,0,0,1010
OPERA_L3_DIST-ALERT-HLS_T19HFA_20231011T142154Z_20231221T044829Z_L9_30_v1_VEG-DIST-STATUS,20231011,2023-12-21 04:48:29,0,255,255,200,0,0,NA,0,0,1010,0,-1,0,0,NA,0,0,1010
OPERA_L3_DIST-ALERT-HLS_T19HFA_20231012T141542Z_20231221T044841Z_L8_30_v1_VEG-DIST-STATUS,20231012,2023-12-21 04:48:41,0,0,9,200,0,0,NA,0,0,1015,0,2,0,0,NA,0,0,1015
OPERA_L3_DIST-ALERT-HLS_T19HFA_20231012T142711Z_20231221T044852Z_S2A_30_v1_VEG-DIST-STATUS,20231012,2023-12-21 04:48:52,0,0,7,200,0,0,NA,0,0,1015,0,2,0,0,NA,0,0,1015
OPERA_L3_DIST-ALERT-HLS_T19HFA_20231014T141709Z_20231221T044904Z_S2B_30_v1_VEG-DIST-STATUS,20231014,2023-12-21 04:49:04,0,0,9,200,0,0,NA,0,0,1017,0,1,0,0,NA,0,0,1017
OPERA_L3_DIST-ALERT-HLS_T19HFA_20231017T142719Z_20231221T044916Z_S2B_30_v1_VEG-DIST-STATUS,20231017,2023-12-21 04:49:16,0,0,8,200,0,0,NA,0,0,1020,0,1,0,0,NA,0,0,1020
OPERA_L3_DIST-ALERT-HLS_T19HFA_20231019T141711Z_20231221T044928Z_S2A_30_v1_VEG-DIST-STATUS,20231019,2023-12-21 04:49:28,0,0,3,200,0,0,NA,0,0,1022,0,2,0,0,NA,0,0,1022
OPERA_L3_DIST-ALERT-HLS_T19HFA_20231019T142151Z_20231221T044939Z_L8_30_v1_VEG-DIST-STATUS,20231019,2023-12-21 04:49:39,0,0,4,200,0,0,NA,0,0,1022,0,2,0,0,NA,0,0,1022
OPERA_L3_DIST-ALERT-HLS_T19HFA_20231020T141547Z_20231221T044951Z_L9_30_v1_VEG-DIST-STATUS,20231020,2023-12-21 04:49:51,0,255,255,200,0,0,NA,0,0,1022,0,0,0,0,NA,0,0,1023
OPERA_L3_DIST-ALERT-HLS_T19HFA_20231022T142711Z_20231221T045002Z_S2A_30_v1_VEG-DIST-STATUS,20231022,2023-12-21 04:50:02,0,255,255,200,0,0,NA,0,0,1022,0,0,0,0,NA,0,0,1025
OPERA_L3_DIST-ALERT-HLS_T19HFA_20231027T142155Z_20231221T045014Z_L9_30_v1_VEG-DIST-STATUS,20231027,2023-12-21 04:50:14,0,0,4,200,0,0,NA,0,0,1030,0,2,0,0,NA,0,0,1030
OPERA_L3_DIST-ALERT-HLS_T19HFA_20231027T142719Z_20231221T045025Z_S2B_30_v1_VEG-DIST-STATUS,20231027,2023-12-21 04:50:25,0,0,4,200,0,0,NA,0,0,1030,0,2,0,0,NA,0,0,1030
OPERA_L3_DIST-ALERT-HLS_T19HFA_20231028T141545Z_20231221T045037Z_L8_30_v1_VEG-DIST-STATUS,20231028,2023-12-21 04:50:37,0,255,255,200,0,0,NA,0,0,1030,0,-1,0,0,NA,0,0,1030
OPERA_L3_DIST-ALERT-HLS_T19HFA_20231029T141711Z_20231221T045048Z_S2A_30_v1_VEG-DIST-STATUS,20231029,2023-12-21 04:50:48,0,0,8,200,0,0,NA,0,0,1032,0,2,0,0,NA,0,0,1032
OPERA_L3_DIST-ALERT-HLS_T19HFA_20231104T142154Z_20231222T205251Z_L8_30_v1_VEG-DIST-STATUS,20231104,2023-12-22 20:52:51,0,255,255,200,0,0,NA,0,0,1032,0,-1,0,0,NA,0,0,1032
OPERA_L3_DIST-ALERT-HLS_T19HFA_20231105T141541Z_20231222T205311Z_L9_30_v1_VEG-DIST-STATUS,20231105,2023-12-22 20:53:11,0,255,255,200,0,0,NA,0,0,1032,0,-1,0,0,NA,0,0,1032
OPERA_L3_DIST-ALERT-HLS_T19HFA_20231106T142719Z_20231222T205330Z_S2B_30_v1_VEG-DIST-STATUS,20231106,2023-12-22 20:53:30,0,0,6,200,0,0,NA,0,0,1040,0,2,0,0,NA,0,0,1040
OPERA_L3_DIST-ALERT-HLS_T19HFA_20231108T141711Z_20231222T205350Z_S2A_30_v1_VEG-DIST-STATUS,20231108,2023-12-22 20:53:50,0,0,8,200,0,0,NA,0,0,1042,0,3,0,0,NA,0,0,1042
OPERA_L3_DIST-ALERT-HLS_T19HFA_20231112T142153Z_20231222T205410Z_L9_30_v1_VEG-DIST-STATUS,20231112,2023-12-22 20:54:10,0,0,8,200,0,0,NA,0,0,1046,0,2,0,0,NA,0,0,1046
OPERA_L3_DIST-ALERT-HLS_T19HFA_20231113T141542Z_20231222T205429Z_L8_30_v1_VEG-DIST-STATUS,20231113,2023-12-22 20:54:29,0,0,9,200,0,0,NA,0,0,1047,0,4,0,0,NA,0,0,1047
OPERA_L3_DIST-ALERT-HLS_T19HFA_20231116T142709Z_20231222T205449Z_S2B_30_v1_VEG-DIST-STATUS,20231116,2023-12-22 20:54:49,0,0,9,200,0,0,NA,0,0,1050,0,3,0,0,NA,0,0,1050
OPERA_L3_DIST-ALERT-HLS_T19HFA_20231121T141548Z_20231222T205509Z_L9_30_v1_VEG-DIST-STATUS,20231121,2023-12-22 20:55:09,0,0,10,200,0,0,NA,0,0,1055,0,3,0,0,NA,0,0,1055
OPERA_L3_DIST-ALERT-HLS_T19HFA_20231121T142711Z_20231222T205528Z_S2A_30_v1_VEG-DIST-STATUS,20231121,2023-12-22 20:55:28,0,0,9,200,0,0,NA,0,0,1055,0,2,0,0,NA,0,0,1055
OPERA_L3_DIST-ALERT-HLS_T19HFA_20231123T141709Z_20231222T205548Z_S2B_30_v1_VEG-DIST-STATUS,20231123,2023-12-22 20:55:48,0,0,9,200,0,0,NA,0,0,1057,0,3,0,0,NA,0,0,1057
OPERA_L3_DIST-ALERT-HLS_T19HFA_20231126T142709Z_20231222T205608Z_S2B_30_v1_VEG-DIST-STATUS,20231126,2023-12-22 20:56:08,0,0,5,200,0,0,NA,0,0,1060,0,3,0,0,NA,0,0,1060
OPERA_L3_DIST-ALERT-HLS_T19HFA_20231128T141701Z_20231222T205627Z_S2A_30_v1_VEG-DIST-STATUS,20231128,2023-12-22 20:56:27,0,0,9,200,0,0,NA,0,0,1062,0,2,0,0,NA,0,0,1062
OPERA_L3_DIST-ALERT-HLS_T19HFA_20231128T142201Z_20231222T205647Z_L9_30_v1_VEG-DIST-STATUS,20231128,2023-12-22 20:56:47,0,0,7,200,0,0,NA,0,0,1062,0,2,0,0,NA,0,0,1062
OPERA_L3_DIST-ALERT-HLS_T19HFA_20231129T141545Z_20231222T205706Z_L8_30_v1_VEG-DIST-STATUS,20231129,2023-12-22 20:57:06,0,0,9,200,0,0,NA,0,0,1063,0,3,0,0,NA,0,0,1063
OPERA_L3_DIST-ALERT-HLS_T19HFA_20231201T142701Z_20231222T205726Z_S2A_30_v1_VEG-DIST-STATUS,20231201,2023-12-22 20:57:26,0,0,6,200,0,0,NA,0,0,1065,0,4,0,0,NA,0,0,1065
OPERA_L3_DIST-ALERT-HLS_T19HFA_20231203T141709Z_20231222T205745Z_S2B_30_v1_VEG-DIST-STATUS,20231203,2023-12-22 20:57:45,0,0,8,200,0,0,NA,0,0,1067,0,2,0,0,NA,0,0,1067
OPERA_L3_DIST-ALERT-HLS_T19HFA_20231206T142148Z_20231222T205805Z_L8_30_v1_VEG-DIST-STATUS,20231206,2023-12-22 20:58:05,0,0,17,200,0,0,NA,0,0,1070,0,3,0,0,NA,0,0,1070
OPERA_L3_DIST-ALERT-HLS_T19HFA_20231206T142709Z_20231222T205824Z_S2B_30_v1_VEG-DIST-STATUS,20231206,2023-12-22 20:58:24,0,0,10,200,0,0,NA,0,0,1070,0,2,0,0,NA,0,0,1070
OPERA_L3_DIST-ALERT-HLS_T19HFA_20231207T141545Z_20231222T205844Z_L9_30_v1_VEG-DIST-STATUS,20231207,2023-12-22 20:58:44,0,0,11,200,0,0,NA,0,0,1071,0,3,0,0,NA,0,0,1071
OPERA_L3_DIST-ALERT-HLS_T19HFA_20231208T141701Z_20231222T205904Z_S2A_30_v1_VEG-DIST-STATUS,20231208,2023-12-22 20:59:04,0,0,9,200,0,0,NA,0,0,1072,0,2,0,0,NA,0,0,1072
OPERA_L3_DIST-ALERT-HLS_T19HFA_20231211T142711Z_20231222T205923Z_S2A_30_v1_VEG-DIST-STATUS,20231211,2023-12-22 20:59:23,0,0,9,200,0,0,NA,0,0,1075,0,2,0,0,NA,0,0,1075
OPERA_L3_DIST-ALERT-HLS_T19HFA_20231213T141709Z_20231222T205943Z_S2B_30_v1_VEG-DIST-STATUS,20231213,2023-12-22 20:59:43,0,0,11,200,0,0,NA,0,0,1077,0,2,0,0,NA,0,0,1077
OPERA_L3_DIST-ALERT-HLS_T19HFA_20231214T142201Z_20231222T210002Z_L9_30_v1_VEG-DIST-STATUS,20231214,2023-12-22 21:00:02,0,255,255,200,0,0,NA,0,0,1077,0,-1,0,0,NA,0,0,1077
OPERA_L3_DIST-ALERT-HLS_T19HFA_20231215T141543Z_20231222T210022Z_L8_30_v1_VEG-DIST-STATUS,20231215,2023-12-22 21:00:22,0,0,12,200,0,0,NA,0,0,1079,0,3,0,0,NA,0,0,1079
OPERA_L3_DIST-ALERT-HLS_T19HFA_20231216T142709Z_20231222T210042Z_S2B_30_v1_VEG-DIST-STATUS,20231216,2023-12-22 21:00:42,0,255,255,200,0,0,NA,0,0,1079,0,-1,0,0,NA,0,0,1079
OPERA_L3_DIST-ALERT-HLS_T19HFA_20231218T141711Z_20231222T210101Z_S2A_30_v1_VEG-DIST-STATUS,20231218,2023-12-22 21:01:01,0,255,255,200,0,0,NA,0,0,1079,0,-1,0,0,NA,0,0,1079
OPERA_L3_DIST-ALERT-HLS_T19HFA_20231221T142711Z_20240102T210142Z_S2A_30_v1_VEG-DIST-STATUS,20231221,2024-01-02 21:01:42,0,0,10,200,0,0,NA,0,0,1085,0,1,0,0,NA,0,0,1085
OPERA_L3_DIST-ALERT-HLS_T19HFA_20231222T142156Z_20240102T210205Z_L8_30_v1_VEG-DIST-STATUS,20231222,2024-01-02 21:02:05,0,0,10,200,0,0,NA,0,0,1086,0,1,0,0,NA,0,0,1086
OPERA_L3_DIST-ALERT-HLS_T19HFA_20231223T141552Z_20240102T210229Z_L9_30_v1_VEG-DIST-STATUS,20231223,2024-01-02 21:02:29,0,0,10,200,0,0,NA,0,0,1087,0,2,0,0,NA,0,0,1087
OPERA_L3_DIST-ALERT-HLS_T19HFA_20231223T141709Z_20240102T210255Z_S2B_30_v1_VEG-DIST-STATUS,20231223,2024-01-02 21:02:55,0,255,255,200,0,0,NA,0,0,1087,0,-1,0,0,NA,0,0,1087
OPERA_L3_DIST-ALERT-HLS_T19HFA_20231226T142719Z_20240102T210317Z_S2B_30_v1_VEG-DIST-STATUS,20231226,2024-01-02 21:03:17,0,0,9,200,0,0,NA,0,0,1090,0,1,0,0,NA,0,0,1090
OPERA_L3_DIST-ALERT-HLS_T19HFA_20231228T141711Z_20240102T210340Z_S2A_30_v1_VEG-DIST-STATUS,20231228,2024-01-02 21:03:40,0,0,9,200,0,0,NA,0,0,1092,0,2,0,0,NA,0,0,1092
OPERA_L3_DIST-ALERT-HLS_T19HFA_20231230T142201Z_20240102T210403Z_L9_30_v1_VEG-DIST-STATUS,20231230,2024-01-02 21:04:03,0,0,10,200,0,0,NA,0,0,1094,0,1,0,0,NA,0,0,1094
OPERA_L3_DIST-ALERT-HLS_T19HFA_20231231T141604Z_20240104T140349Z_L8_30_v1_VEG-DIST-STATUS,20231231,2024-01-04 14:03:49,0,0,14,200,0,0,NA,0,0,1095,0,4,0,0,NA,0,0,1095
OPERA_L3_DIST-ALERT-HLS_T19HFA_20231231T142711Z_20240104T140419Z_S2A_30_v1_VEG-DIST-STATUS,20231231,2024-01-04 14:04:19,0,0,9,200,0,0,NA,0,0,1095,0,2,0,0,NA,0,0,1095
